scn_name,line_id,bus0,bus1,type,carrier,x,r,g,b,s_nom,s_nom_extendable,s_nom_min,s_nom_max,s_max_pu,build_year,lifetime,capital_cost,length,cables,terrain_factor,num_parallel,v_ang_min,v_ang_max,v_nom,geom,topo
50HzT-003,29300,33678,34267.0,,AC,22.368120800000003,2.492,0,,1790,t,1790,inf,1,2023,40,62150.83798882681,89.0,6,1,2,-inf,inf,380.0,010200000002000000F76CE8F3996B2B4009D1691102454A403E5B785040892C40F072C2358D8C4A40,010200000002000000F76CE8F3996B2B4009D1691102454A403E5B785040892C40F072C2358D8C4A40
50HzT-003,29301,34267,31612.0,,AC,7.7911432,0.868,0,,1790,t,1790,inf,1,2023,40,43296.08938547486,31.0,3,1,1,-inf,inf,380.0,0102000000020000003E5B785040892C40F072C2358D8C4A402ECD293FFEE92B40A13AD44C47A04A40,0102000000020000003E5B785040892C40F072C2358D8C4A402ECD293FFEE92B40A13AD44C47A04A40
50HzT-007,29302,33678,31373.0,,AC,18.84954,2.1,0,,1790,t,1790,inf,1,2022,40,104748.6033519553,75.0,3,1,1,-inf,inf,380.0,010200000002000000F76CE8F3996B2B4009D1691102454A4014D12438D6E229403969AA2602484A40,010200000002000000F76CE8F3996B2B4009D1691102454A4014D12438D6E229403969AA2602484A40
50HzT-P34,29303,32614,31846.0,,AC,16.084940800000002,1.792,0,,1790,t,1790,inf,1,2028,40,89385.47486033519,64.0,3,1,1,-inf,inf,380.0,010200000002000000B126B8F965B42740F703470F1E8B4A40334D63EE7B74274097CEED40C9484A40,010200000002000000B126B8F965B42740F703470F1E8B4A40334D63EE7B74274097CEED40C9484A40
50HzT-P34,29304,31846,31318.0,,AC,9.2991064,1.036,0,,1790,t,1790,inf,1,2023,40,51675.977653631286,37.0,3,1,1,-inf,inf,380.0,010200000002000000334D63EE7B74274097CEED40C9484A40A8E8C3F2C34727408E3E75646E224A40,010200000002000000334D63EE7B74274097CEED40C9484A40A8E8C3F2C34727408E3E75646E224A40
50HzT-P34,29305,32985,32614.0,,AC,9.2991064,1.036,0,,1790,t,1790,inf,1,2023,40,51675.977653631286,37.0,3,1,1,-inf,inf,380.0,0102000000020000006A7910FC30A02740F716B47E59B64A40B126B8F965B42740F703470F1E8B4A40,0102000000020000006A7910FC30A02740F716B47E59B64A40B126B8F965B42740F703470F1E8B4A40
50HzT-P34,29306,31759,32985.0,,AC,13.3203416,1.484,0,,1790,t,1790,inf,1,2026,40,74022.34636871508,53.0,3,1,1,-inf,inf,380.0,01020000000200000070709471215F2840A5351E9E73E84A406A7910FC30A02740F716B47E59B64A40,01020000000200000070709471215F2840A5351E9E73E84A406A7910FC30A02740F716B47E59B64A40
50HzT-P36,29307,31612,35283.0,,AC,8.042470400000001,0.896,0,,1790,t,1790,inf,1,2026,40,44692.7374301676,32.0,3,1,1,-inf,inf,380.0,0102000000020000002ECD293FFEE92B40A13AD44C47A04A4089C007183F112C4033455E84F6C04A40,0102000000020000002ECD293FFEE92B40A13AD44C47A04A4089C007183F112C4033455E84F6C04A40
50HzT-P38,29308,34958,33754.0,,AC,26.389356000000003,2.94,0,,1790,t,1790,inf,1,2025,40,146648.04469273743,105.0,3,1,1,-inf,inf,380.0,0102000000020000006BAC91B3C2AC28401574634236994940718416231A3F26405CA54CC4CA7F4940,0102000000020000006BAC91B3C2AC28401574634236994940718416231A3F26405CA54CC4CA7F4940
50HzT-P39,29309,30952,34084.0,,AC,16.587595200000003,1.848,0,,1790,t,1790,inf,1,2025,40,92178.77094972068,66.0,3,1,1,-inf,inf,380.0,010200000002000000186FA57D52A12940737B6E89E96D4940FDD015A549172840A97D34F9F5634940,010200000002000000186FA57D52A12940737B6E89E96D4940FDD015A549172840A97D34F9F5634940
50HzT-P39,29310,34084,33608.0,,AC,10.807069600000002,1.204,0,,1790,t,1790,inf,1,2026,40,60055.86592178771,43.0,3,1,1,-inf,inf,380.0,010200000002000000FDD015A549172840A97D34F9F5634940C122EFC9F04A27402856D4E176444940,010200000002000000FDD015A549172840A97D34F9F5634940C122EFC9F04A27402856D4E176444940
50HzT-P180,29311,30931,31678.0,,AC,0.3769908,0.07,0,,925,t,925,inf,1,2026,40,49729.72972972973,4.0,3,1,1,-inf,inf,380.0,0102000000020000004725128F580C2B40025721E394444A40C9858D9AB1E92A40EB607022BF424A40,0102000000020000004725128F580C2B40025721E394444A40C9858D9AB1E92A40EB607022BF424A40
50HzT-P180,29312,31678,31643.0,,AC,0.67858344,0.126,0,,925,t,925,inf,1,2030,40,89513.5135135135,7.2,3,1,1,-inf,inf,380.0,010200000002000000C9858D9AB1E92A40EB607022BF424A401C7DF725C0BC2A4022D8392367404A40,010200000002000000C9858D9AB1E92A40EB607022BF424A401C7DF725C0BC2A4022D8392367404A40
50HzT-P180,29313,31643,295.0,,AC,0.45238896,0.084,0,,925,t,925,inf,1,2030,40,59675.67567567567,4.8,3,1,1,-inf,inf,380.0,0102000000020000001C7DF725C0BC2A4022D8392367404A40B66E374D8BA12A403C314AE0D0424A40,0102000000020000001C7DF725C0BC2A4022D8392367404A40B66E374D8BA12A403C314AE0D0424A40
50HzT-P180,29314,295,32291.0,,AC,0.49951281,0.09275,0,,925,t,925,inf,1,2030,40,65891.89189189188,5.3,3,1,1,-inf,inf,380.0,010200000002000000B66E374D8BA12A403C314AE0D0424A409926B4E7807F2A40A457914A0C444A40,010200000002000000B66E374D8BA12A403C314AE0D0424A409926B4E7807F2A40A457914A0C444A40
50HzT-P180,29315,32291,31631.0,,AC,0.65030913,0.12075,0,,925,t,925,inf,1,2030,40,85783.78378378379,6.9,3,1,1,-inf,inf,380.0,0102000000020000009926B4E7807F2A40A457914A0C444A400B245B5B4D6C2A4005F45203524A4A40,0102000000020000009926B4E7807F2A40A457914A0C444A400B245B5B4D6C2A4005F45203524A4A40
50HzT-P213,29316,32509,43773.0,,AC,2.0106176,0.224,0,,1790,t,1790,inf,1,2035,40,5586.592178770949,8.0,6,1,2,-inf,inf,380.0,010200000002000000EF0BD66237352D403B7926F661164A40C55687B9F8E632400D11E7863BC94940,010200000002000000EF0BD66237352D403B7926F661164A40C55687B9F8E632400D11E7863BC94940
50HzT-P213,29317,32509,13447.0,,AC,1.7592904000000005,0.196,0,,1790,t,1790,inf,1,2035,40,9776.53631284916,7.0,3,1,1,-inf,inf,380.0,010200000002000000EF0BD66237352D403B7926F661164A4069435953B4052D4071B614EBAF144A40,010200000002000000EF0BD66237352D403B7926F661164A4069435953B4052D4071B614EBAF144A40
50HzT-P221,29318,31759,43774.0,,DC,7.472496214285714,1.3875,0,,700,t,700,inf,1,2035,40,417857.1428571429,60.0,2,1,1,-inf,inf,,01020000000200000070709471215F2840A5351E9E73E84A40876D2A0613473040B8F2AE1ACBAD4E40,01020000000200000070709471215F2840A5351E9E73E84A40876D2A0613473040B8F2AE1ACBAD4E40
50HzT-P450,29319,35254,34117.0,,AC,22.368120800000003,2.492,0,,1790,t,1790,inf,1,2024,40,124301.67597765362,89.0,3,1,1,-inf,inf,380.0,01020000000200000067C333B260CD2B4033C3246F26F04940E5ADAA2D48C42A40438DDFF783AD4940,01020000000200000067C333B260CD2B4033C3246F26F04940E5ADAA2D48C42A40438DDFF783AD4940
AMP-001,29320,31855,8292.0,,AC,3.0991436284444447,0.3452711111111111,0,,2700,t,2700,inf,1,2022,40,17222.222222222226,18.6,3,1,1,-inf,inf,380.0,0102000000020000005C7E9E54929D20400B896ACA3D2C4A4040DF162CD5CD2040D911E225933F4A40,0102000000020000005C7E9E54929D20400B896ACA3D2C4A4040DF162CD5CD2040D911E225933F4A40
AMP-001,29321,8292,31826.0,,AC,2.399337002666667,0.2673066666666666,0,,2700,t,2700,inf,1,2023,40,13333.333333333334,14.4,3,1,1,-inf,inf,380.0,01020000000200000040DF162CD5CD2040D911E225933F4A40C19C83DC97CE2040AE89E633F64D4A40,01020000000200000040DF162CD5CD2040D911E225933F4A40C19C83DC97CE2040AE89E633F64D4A40
AMP-009,29322,31097,4583.0,,AC,18.346885600000004,2.044,0,,1790,t,1790,inf,1,2023,40,101955.30726256984,73.0,3,1,1,-inf,inf,380.0,010200000002000000A2E5DFA722B91A409B91F3E6BAD249407FED4F98E67C1D403EC791184E194A40,010200000002000000A2E5DFA722B91A409B91F3E6BAD249407FED4F98E67C1D403EC791184E194A40
AMP-009,29323,31097,4583.0,,AC,1.1309724,0.21,0,,925,t,925,inf,1,2023,40,149189.18918918917,12.0,3,1,1,-inf,inf,380.0,010200000002000000A2E5DFA722B91A409B91F3E6BAD249407FED4F98E67C1D403EC791184E194A40,010200000002000000A2E5DFA722B91A409B91F3E6BAD249407FED4F98E67C1D403EC791184E194A40
AMP-009,29324,4583,34613.0,,AC,16.336268,1.82,0,,1790,t,1790,inf,1,2023,40,90782.12290502792,65.0,3,1,1,-inf,inf,380.0,0102000000020000007FED4F98E67C1D403EC791184E194A40DCFA583FCE1B1D40D4280D416A604A40,0102000000020000007FED4F98E67C1D403EC791184E194A40DCFA583FCE1B1D40D4280D416A604A40
AMP-010,29325,11042,32037.0,,AC,3.5185808000000005,0.392,0,,1790,t,1790,inf,1,2027,40,19553.07262569832,14.0,3,1,1,-inf,inf,380.0,01020000000200000070B54E5C8EB71F40A7DBC82BC6214A40CAB90D4093352040E4F154F0EE214A40,01020000000200000070B54E5C8EB71F40A7DBC82BC6214A40CAB90D4093352040E4F154F0EE214A40
AMP-010,29326,32037,31855.0,,AC,5.277871200000001,0.588,0,,1790,t,1790,inf,1,2028,40,29329.608938547484,21.0,3,1,1,-inf,inf,380.0,010200000002000000CAB90D4093352040E4F154F0EE214A405C7E9E54929D20400B896ACA3D2C4A40,010200000002000000CAB90D4093352040E4F154F0EE214A405C7E9E54929D20400B896ACA3D2C4A40
AMP-010,29327,32037,32097.0,,AC,7.2884888,0.812,0,,1790,t,1790,inf,1,2028,40,40502.79329608938,29.0,3,1,1,-inf,inf,380.0,010200000002000000CAB90D4093352040E4F154F0EE214A40845805B555A320400FD9A9266F084A40,010200000002000000CAB90D4093352040E4F154F0EE214A40845805B555A320400FD9A9266F084A40
AMP-010,29328,32097,31304.0,,AC,7.2884888,0.812,0,,1790,t,1790,inf,1,2027,40,40502.79329608938,29.0,3,1,1,-inf,inf,380.0,010200000002000000845805B555A320400FD9A9266F084A40AD4C7B4D7CBA2040E369A2F2ABF64940,010200000002000000845805B555A320400FD9A9266F084A40AD4C7B4D7CBA2040E369A2F2ABF64940
AMP-014,29329,4243,35129.0,,AC,1.7592904000000005,0.196,0,,1790,t,1790,inf,1,2021,40,9776.53631284916,7.0,3,1,1,-inf,inf,380.0,0102000000020000009CC992944F5A1A401019A07E61A44940AF4DEDB729131A40A43A6FE173A94940,0102000000020000009CC992944F5A1A401019A07E61A44940AF4DEDB729131A40A43A6FE173A94940
AMP-014,29330,35129,3979.0,,AC,1.6336268000000005,0.182,0,,1790,t,1790,inf,1,2021,40,9078.212290502794,6.5,3,1,1,-inf,inf,380.0,010200000002000000AF4DEDB729131A40A43A6FE173A94940B4FA34385BF21940E83D84A746B04940,010200000002000000AF4DEDB729131A40A43A6FE173A94940B4FA34385BF21940E83D84A746B04940
AMP-014,29331,30981,3979.0,,AC,3.5185808000000005,0.392,0,,1790,t,1790,inf,1,2021,40,19553.07262569832,14.0,3,1,1,-inf,inf,380.0,010200000002000000B6F8771F03781A4054866A3CE8BC4940B4FA34385BF21940E83D84A746B04940,010200000002000000B6F8771F03781A4054866A3CE8BC4940B4FA34385BF21940E83D84A746B04940
AMP-014,29332,31188,31421.0,,AC,5.026544,0.56,0,,1790,t,1790,inf,1,2021,40,27932.960893854743,20.0,3,1,1,-inf,inf,380.0,010200000002000000AE508A51D9801A40CE7603B65BA1494037964E43CAD61A40140CDBACA38B4940,010200000002000000AE508A51D9801A40CE7603B65BA1494037964E43CAD61A40140CDBACA38B4940
AMP-014,29333,31421,31195.0,,AC,2.513272,0.28,0,,1790,t,1790,inf,1,2021,40,13966.480446927371,10.0,3,1,1,-inf,inf,380.0,01020000000200000037964E43CAD61A40140CDBACA38B49403AD36C310CCF1A40CD1C155422814940,01020000000200000037964E43CAD61A40140CDBACA38B49403AD36C310CCF1A40CD1C155422814940
AMP-014,29334,30981,31188.0,,AC,12.56636,1.4,0,,1790,t,1790,inf,1,2021,40,69832.40223463687,50.0,3,1,1,-inf,inf,380.0,010200000002000000B6F8771F03781A4054866A3CE8BC4940AE508A51D9801A40CE7603B65BA14940,010200000002000000B6F8771F03781A4054866A3CE8BC4940AE508A51D9801A40CE7603B65BA14940
AMP-014,29335,4941,5449.0,,AC,0.5026544000000001,0.056,0,,1790,t,1790,inf,1,2021,40,2793.2960893854747,2.0,3,1,1,-inf,inf,380.0,010200000002000000527A4BDEA5A11A4003869B429DA54940E0AA460AC0B21A401650A8A78FA94940,010200000002000000527A4BDEA5A11A4003869B429DA54940E0AA460AC0B21A401650A8A78FA94940
AMP-018,29336,31195,30904.0,,AC,9.550433600000002,1.064,0,,1790,t,1790,inf,1,2021,40,26536.31284916201,38.0,6,1,2,-inf,inf,380.0,0102000000020000003AD36C310CCF1A40CD1C15542281494037A88E85CCE31B40A3461771D7654940,0102000000020000003AD36C310CCF1A40CD1C15542281494037A88E85CCE31B40A3461771D7654940
AMP-022,29337,30928,31142.0,,AC,5.277871200000001,0.588,0,,1790,t,1790,inf,1,2024,40,29329.608938547484,21.0,3,1,1,-inf,inf,380.0,010200000002000000EBCFB0810FAB1D40819B133F86BA49408034DE681D061E406B38EBCD67B34940,010200000002000000EBCFB0810FAB1D40819B133F86BA49408034DE681D061E406B38EBCD67B34940
AMP-022,29338,31142,33626.0,,AC,16.98971872,1.8928,0,,1790,t,1790,inf,1,2024,40,94413.40782122903,67.6,3,1,1,-inf,inf,380.0,0102000000020000008034DE681D061E406B38EBCD67B349400EE6A4917FC01F40F44D92905C814940,0102000000020000008034DE681D061E406B38EBCD67B349400EE6A4917FC01F40F44D92905C814940
AMP-022,29339,33626,33048.0,,AC,3.2672536000000005,0.364,0,,1790,t,1790,inf,1,2025,40,18156.424581005587,13.0,3,1,1,-inf,inf,380.0,0102000000020000000EE6A4917FC01F40F44D92905C8149407385A480630A204070845C1439764940,0102000000020000000EE6A4917FC01F40F44D92905C8149407385A480630A204070845C1439764940
AMP-022,29340,33048,32976.0,,AC,2.7143337600000006,0.3024,0,,1790,t,1790,inf,1,2025,40,15083.798882681564,10.8,3,1,1,-inf,inf,380.0,0102000000020000007385A480630A204070845C14397649408731A887B5F01F40C040810BCE6B4940,0102000000020000007385A480630A204070845C14397649408731A887B5F01F40C040810BCE6B4940
AMP-022,29341,32976,33983.0,,AC,3.41804992,0.3807999999999999,0,,1790,t,1790,inf,1,2025,40,18994.413407821223,13.6,3,1,1,-inf,inf,380.0,0102000000020000008731A887B5F01F40C040810BCE6B4940D578AB327D741F403F868EB950624940,0102000000020000008731A887B5F01F40C040810BCE6B4940D578AB327D741F403F868EB950624940
AMP-028,29342,31219,2712.0,,AC,1.256636,0.14,0,,1790,t,1790,inf,1,2025,40,6983.240223463687,5.0,3,1,1,-inf,inf,380.0,010200000002000000FF12AB9A06901C401760F3E953C7494099F90E7EE2981C402667727B93C04940,010200000002000000FF12AB9A06901C401760F3E953C7494099F90E7EE2981C402667727B93C04940
AMP-032,29343,31097,30981.0,,AC,5.277871200000001,0.588,0,,1790,t,1790,inf,1,2026,40,29329.608938547484,21.0,3,1,1,-inf,inf,380.0,010200000002000000A2E5DFA722B91A409B91F3E6BAD24940B6F8771F03781A4054866A3CE8BC4940,010200000002000000A2E5DFA722B91A409B91F3E6BAD24940B6F8771F03781A4054866A3CE8BC4940
AMP-P41,29344,7095,32708.0,,AC,17.03998416,1.8984,0,,1790,t,1790,inf,1,2027,40,94692.7374301676,67.8,3,1,1,-inf,inf,380.0,010200000002000000CDA4976258FF1D40C595B377462C4940C028AFCB3EAE1B40C4D90C2B3CFC4840,010200000002000000CDA4976258FF1D40C595B377462C4940C028AFCB3EAE1B40C4D90C2B3CFC4840
AMP-P41,29345,32708,33957.0,,AC,9.349371840000002,1.0416,0,,1790,t,1790,inf,1,2027,40,51955.30726256983,37.2,3,1,1,-inf,inf,380.0,010200000002000000C028AFCB3EAE1B40C4D90C2B3CFC4840FC3219E976E61940DD256F0B18F64840,010200000002000000C028AFCB3EAE1B40C4D90C2B3CFC4840FC3219E976E61940DD256F0B18F64840
AMP-P47,29346,30972,33805.0,,AC,7.816275920000002,0.8708,0,,1790,t,1790,inf,1,2024,40,43435.754189944135,31.1,3,1,1,-inf,inf,380.0,010200000002000000DFD322A2678B21406BC81BDABEFC4840F184F0825C2D21402FDE8FAF66E84840,010200000002000000DFD322A2678B21406BC81BDABEFC4840F184F0825C2D21402FDE8FAF66E84840
AMP-P47,29347,33805,34195.0,,AC,8.77131928,0.9772,0,,1790,t,1790,inf,1,2025,40,48743.01675977653,34.9,3,1,1,-inf,inf,380.0,010200000002000000F184F0825C2D21402FDE8FAF66E84840E851CF53014121407B6522DE94C54840,010200000002000000F184F0825C2D21402FDE8FAF66E84840E851CF53014121407B6522DE94C54840
AMP-P47a,29348,32082,31006.0,,AC,2.7645992,0.308,0,,1790,t,1790,inf,1,2025,40,15363.128491620111,11.0,3,1,1,-inf,inf,380.0,01020000000200000077D84EFA8AF120409DEF04FD740C4940C208F2600E1321404EED06B1FE094940,01020000000200000077D84EFA8AF120409DEF04FD740C4940C208F2600E1321404EED06B1FE094940
AMP-P52,29349,12967,31241.0,,AC,15.330959200000002,1.708,0,,1790,t,1790,inf,1,2024,40,85195.53072625698,61.0,3,1,1,-inf,inf,380.0,010200000002000000A7762BF0BA6F2240168D107926444840BCDCE6B2C6D92240E5C9978F3F084840,010200000002000000A7762BF0BA6F2240168D107926444840BCDCE6B2C6D92240E5C9978F3F084840
AMP-P52,29350,7994,32180.0,,AC,22.1167936,2.464,0,,1790,t,1790,inf,1,2021,40,122905.02793296087,88.0,3,1,1,-inf,inf,380.0,010200000002000000E3BE7A81FE1B2440286F360CD52748403520376B61C52340B13D49C1EB264840,010200000002000000E3BE7A81FE1B2440286F360CD52748403520376B61C52340B13D49C1EB264840
AMP-P52,29351,32180,10363.0,,AC,22.1167936,2.464,0,,1790,t,1790,inf,1,2021,40,122905.02793296087,88.0,3,1,1,-inf,inf,380.0,0102000000020000003520376B61C52340B13D49C1EB2648406233C005D99E23400805A568E5D34740,0102000000020000003520376B61C52340B13D49C1EB2648406233C005D99E23400805A568E5D34740
AMP-P310,29352,33902,35020.0,,AC,9.0477792,1.008,0,,1790,t,1790,inf,1,2023,40,50279.32960893855,36.0,3,1,1,-inf,inf,380.0,01020000000200000074133514B8D62040D339E7B41DD14840568DC2FE059720408266512E20C34840,01020000000200000074133514B8D62040D339E7B41DD14840568DC2FE059720408266512E20C34840
AMP-P310,29353,35020,33998.0,,AC,3.5185808000000005,0.392,0,,1790,t,1790,inf,1,2023,40,19553.07262569832,14.0,3,1,1,-inf,inf,380.0,010200000002000000568DC2FE059720408266512E20C348404C7A651D65B4204083F26F51ECB54840,010200000002000000568DC2FE059720408266512E20C348404C7A651D65B4204083F26F51ECB54840
AMP-P310,29354,33998,34751.0,,AC,5.3532693600000005,0.5964,0,,1790,t,1790,inf,1,2023,40,29748.603351955306,21.3,3,1,1,-inf,inf,380.0,0102000000020000004C7A651D65B4204083F26F51ECB548403A946DDEED9D20404E392BD0E8A04840,0102000000020000004C7A651D65B4204083F26F51ECB548403A946DDEED9D20404E392BD0E8A04840
AMP-P310,29355,34751,34786.0,,AC,7.338754240000001,0.8176,0,,1790,t,1790,inf,1,2023,40,40782.12290502793,29.2,3,1,1,-inf,inf,380.0,0102000000020000003A946DDEED9D20404E392BD0E8A0484028C3F913EB8B20408CFD5134C3834840,0102000000020000003A946DDEED9D20404E392BD0E8A0484028C3F913EB8B20408CFD5134C3834840
AMP-P310,29356,34786,32960.0,,AC,46.520664720000006,5.1828,0,,1790,t,1790,inf,1,2023,40,258519.55307262568,185.1,3,1,1,-inf,inf,380.0,01020000000200000028C3F913EB8B20408CFD5134C38348407F483CDA11D51F40133B0E9F38CC4740,01020000000200000028C3F913EB8B20408CFD5134C38348407F483CDA11D51F40133B0E9F38CC4740
AMP-P460,29357,31205,33918.0,,AC,3.8239433480000007,0.42602,0,,400,t,400,inf,1,2025,40,21250.0,3.4,3,1,1,-inf,inf,380.0,010200000002000000C88FF84E00B51B40DCD3E4F8E5BF4940CFB0558F87DE1B406FA41FCED3BE4940,010200000002000000C88FF84E00B51B40DCD3E4F8E5BF4940CFB0558F87DE1B406FA41FCED3BE4940
TTG-006,29358,31062,35200.0,,AC,21.614139200000004,2.408,0,,1790,t,1790,inf,1,2024,40,120111.7318435754,86.0,3,1,1,-inf,inf,380.0,010200000002000000318B4FAB0DBB2440869347CA6F244A40F04B3752F7F92340B3FFE23524FA4940,010200000002000000318B4FAB0DBB2440869347CA6F244A40F04B3752F7F92340B3FFE23524FA4940
TTG-006,29359,35200,35074.0,,AC,2.2368120800000004,0.2492,0,,1790,t,1790,inf,1,2024,40,12430.167597765363,8.9,3,1,1,-inf,inf,380.0,010200000002000000F04B3752F7F92340B3FFE23524FA4940288B0B33F8D82340BA5F52A0E3F24940,010200000002000000F04B3752F7F92340B3FFE23524FA4940288B0B33F8D82340BA5F52A0E3F24940
TTG-006,29360,35074,35332.0,,AC,8.092735840000001,0.9016,0,,1790,t,1790,inf,1,2024,40,44972.06703910615,32.2,3,1,1,-inf,inf,380.0,010200000002000000288B0B33F8D82340BA5F52A0E3F24940E2C49BAFB7B423400A350F0D1CD34940,010200000002000000288B0B33F8D82340BA5F52A0E3F24940E2C49BAFB7B423400A350F0D1CD34940
TTG-006,29361,35332,31545.0,,AC,23.599624080000005,2.6292000000000004,0,,1790,t,1790,inf,1,2024,40,131145.25139664803,93.9,3,1,1,-inf,inf,380.0,010200000002000000E2C49BAFB7B423400A350F0D1CD34940CC667B30F77D234089940C406E754940,010200000002000000E2C49BAFB7B423400A350F0D1CD34940CC667B30F77D234089940C406E754940
TTG-007,29362,33739,34613.0,,AC,5.810894303333335,0.6473833333333333,0,,2400,t,2400,inf,1,2024,40,16145.833333333334,31.0,6,1,2,-inf,inf,380.0,010200000002000000C871187866061D40B7F69C6FA07D4A40DCFA583FCE1B1D40D4280D416A604A40,010200000002000000C871187866061D40B7F69C6FA07D4A40DCFA583FCE1B1D40D4280D416A604A40
TTG-009,29363,31114,31826.0,,AC,15.330959200000002,1.708,0,,1790,t,1790,inf,1,2024,40,42597.76536312849,61.0,6,1,2,-inf,inf,380.0,0102000000020000008EAC138BC3202140153123E215844A40C19C83DC97CE2040AE89E633F64D4A40,0102000000020000008EAC138BC3202140153123E215844A40C19C83DC97CE2040AE89E633F64D4A40
TTG-P21,29364,31026,32653.0,,AC,4.49875688,0.5012,0,,5400,t,5400,inf,1,2023,40,12500.0,54.0,6,1,2,-inf,inf,380.0,0102000000020000002543FE540A1B2040DB499A267CAA4A403D1666D0F40D20403F7ECB996C7B4A40,0102000000020000002543FE540A1B2040DB499A267CAA4A403D1666D0F40D20403F7ECB996C7B4A40
TTG-P21,29365,32653,32640.0,,AC,5.780525600000001,0.644,0,,1790,t,1790,inf,1,2026,40,16061.45251396648,23.0,6,1,2,-inf,inf,380.0,0102000000020000003D1666D0F40D20403F7ECB996C7B4A405239B35E5704204012193831486A4A40,0102000000020000003D1666D0F40D20403F7ECB996C7B4A405239B35E5704204012193831486A4A40
TTG-P21/AMP-P21,29366,32640,2153.0,,AC,5.277871200000001,0.588,0,,1790,t,1790,inf,1,2026,40,14664.804469273742,21.0,6,1,2,-inf,inf,380.0,0102000000020000005239B35E5704204012193831486A4A40BD395CAB3D5C1F40C7A4BF97C23B4A40,0102000000020000005239B35E5704204012193831486A4A40BD395CAB3D5C1F40C7A4BF97C23B4A40
TTG-P24,29367,35218,31118.0,,AC,0.833103125925926,0.0928148148148148,0,,5400,t,5400,inf,1,2026,40,2314.814814814815,10.0,6,1,2,-inf,inf,380.0,01020000000200000024BABDC1C7FA2240192A8CE0F5D04A40802D859FEA002340484D91F37AC54A40,01020000000200000024BABDC1C7FA2240192A8CE0F5D04A40802D859FEA002340484D91F37AC54A40
TTG-P24,29368,31118,35359.0,,AC,4.998618755555556,0.5568888888888889,0,,5400,t,5400,inf,1,2021,40,13888.88888888889,60.0,6,1,2,-inf,inf,380.0,010200000002000000802D859FEA002340484D91F37AC54A4022A85324A9812240A1F3FE79B28E4A40,010200000002000000802D859FEA002340484D91F37AC54A4022A85324A9812240A1F3FE79B28E4A40
TTG-P24,29369,35359,31742.0,,AC,3.499033128888889,0.3898222222222222,0,,5400,t,5400,inf,1,2026,40,9722.222222222224,42.0,6,1,2,-inf,inf,380.0,01020000000200000022A85324A9812240A1F3FE79B28E4A408683E53D774E2240B8F3D942C4684A40,01020000000200000022A85324A9812240A1F3FE79B28E4A408683E53D774E2240B8F3D942C4684A40
TTG-P24,29370,31742,31407.0,,AC,3.748964066666667,0.4176666666666666,0,,5400,t,5400,inf,1,2026,40,10416.666666666668,45.0,6,1,2,-inf,inf,380.0,0102000000020000008683E53D774E2240B8F3D942C4684A40E8D5F5D4224022406C9F51D6E5444A40,0102000000020000008683E53D774E2240B8F3D942C4684A40E8D5F5D4224022406C9F51D6E5444A40
TTG-P25,29371,35022,302.0,,AC,11.5610512,1.288,0,,1790,t,1790,inf,1,2026,40,32122.90502793296,46.0,6,1,2,-inf,inf,380.0,010200000002000000F40B9CB0341A22409B1DBB8EC2144B40D8087CA73828224063C27B9E5D414B40,010200000002000000F40B9CB0341A22409B1DBB8EC2144B40D8087CA73828224063C27B9E5D414B40
TTG-P25,29372,302,33021.0,,AC,9.550433600000002,1.064,0,,1790,t,1790,inf,1,2021,40,26536.31284916201,38.0,6,1,2,-inf,inf,380.0,010200000002000000D8087CA73828224063C27B9E5D414B404BBD5E1CC6B821409E774A8F70654B40,010200000002000000D8087CA73828224063C27B9E5D414B404BBD5E1CC6B821409E774A8F70654B40
TTG-P25,29373,33021,,,AC,4.0212352000000005,0.448,0,,1790,t,1790,inf,1,2022,40,11173.1843575419,16.0,6,1,2,-inf,inf,380.0,0102000000020000004BBD5E1CC6B821409E774A8F70654B40E38E37F92DD22140594C6C3EAE734B40,0102000000020000004BBD5E1CC6B821409E774A8F70654B40E38E37F92DD22140594C6C3EAE734B40
TTG-P33,29374,31062,31060.0,,AC,9.198575520000002,1.0248000000000002,0,,1790,t,1790,inf,1,2023,40,25558.65921787709,36.6,6,1,2,-inf,inf,380.0,010200000002000000318B4FAB0DBB2440869347CA6F244A407F42B758C2852540F328A2B8082F4A40,010200000002000000318B4FAB0DBB2440869347CA6F244A407F42B758C2852540F328A2B8082F4A40
TTG-P33,29375,31060,31321.0,,AC,7.13769248,0.7952,0,,1790,t,1790,inf,1,2025,40,19832.40223463687,28.4,6,1,2,-inf,inf,380.0,0102000000020000007F42B758C2852540F328A2B8082F4A400FD09195A8FF2540AEB6E5409E194A40,0102000000020000007F42B758C2852540F328A2B8082F4A400FD09195A8FF2540AEB6E5409E194A40
TTG-P33,29376,31321,31318.0,,AC,8.122755477777778,0.9049444444444444,0,,3600,t,3600,inf,1,2025,40,22569.444444444445,65.0,6,1,2,-inf,inf,380.0,0102000000020000000FD09195A8FF2540AEB6E5409E194A40A8E8C3F2C34727408E3E75646E224A40,0102000000020000000FD09195A8FF2540AEB6E5409E194A40A8E8C3F2C34727408E3E75646E224A40
TTG-P46,29377,31168,33180.0,,AC,17.845068957333332,1.988093333333333,0,,2700,t,2700,inf,1,2022,40,49583.333333333336,107.1,6,1,2,-inf,inf,380.0,0102000000020000009DE66D6A2C6326404B7F3EC3C314494087F98180359F2740D7F1246181174940,0102000000020000009DE66D6A2C6326404B7F3EC3C314494087F98180359F2740D7F1246181174940
TTG-P46,29378,33180,31533.0,,AC,12.479884826370371,1.390365925925926,0,,2700,t,2700,inf,1,2025,40,34675.92592592593,74.9,6,1,2,-inf,inf,380.0,01020000000200000087F98180359F2740D7F12461811749407F07C21FC33A284098849C98C9D04840,01020000000200000087F98180359F2740D7F12461811749407F07C21FC33A284098849C98C9D04840
TTG-P46,29379,31533,31511.0,,AC,7.397955758222222,0.8241955555555555,0,,2700,t,2700,inf,1,2025,40,20555.555555555555,44.4,6,1,2,-inf,inf,380.0,0102000000020000007F07C21FC33A284098849C98C9D04840E73B04431D2A28402D148CC412A64840,0102000000020000007F07C21FC33A284098849C98C9D04840E73B04431D2A28402D148CC412A64840
TTG-P48,29380,33440,13093.0,,AC,8.33103125925926,0.928148148148148,0,,2700,t,2700,inf,1,2025,40,46296.2962962963,50.0,3,1,1,-inf,inf,380.0,01020000000200000044AA89423260244037903ED498FD48405FCF7C7324F823407AC0E1AA57CD4840,01020000000200000044AA89423260244037903ED498FD48405FCF7C7324F823407AC0E1AA57CD4840
TTG-P67,29381,33063,13016.0,,AC,2.1660681274074074,0.2413185185185185,0,,2700,t,2700,inf,1,2024,40,6018.518518518519,13.0,6,1,2,-inf,inf,380.0,01020000000200000062CB22906A012A40F0C6E52F892148409B0645F300FE2940AB2C65749B254840,01020000000200000062CB22906A012A40F0C6E52F892148409B0645F300FE2940AB2C65749B254840
TTG-P67,29382,13016,,,AC,1.1663443762962964,0.1299407407407407,0,,2700,t,2700,inf,1,2026,40,3240.740740740741,7.0,6,1,2,-inf,inf,380.0,0102000000020000009B0645F300FE2940AB2C65749B254840B0E76B96CB1E2A4004E44BA8E0224840,0102000000020000009B0645F300FE2940AB2C65749B254840B0E76B96CB1E2A4004E44BA8E0224840
TTG-P67,29383,32779,34998.0,,AC,1.1663443762962964,0.1299407407407407,0,,2700,t,2700,inf,1,2026,40,3240.740740740741,7.0,6,1,2,-inf,inf,380.0,0102000000020000007E186A56117128403C15854CF94A4840DB909073637728401D2436A2D33D4840,0102000000020000007E186A56117128403C15854CF94A4840DB909073637728401D2436A2D33D4840
TTG-P67,29384,34998,13016.0,,AC,10.996961262222223,1.2251555555555556,0,,2700,t,2700,inf,1,2026,40,30555.55555555556,66.0,6,1,2,-inf,inf,380.0,010200000002000000DB909073637728401D2436A2D33D48409B0645F300FE2940AB2C65749B254840,010200000002000000DB909073637728401D2436A2D33D48409B0645F300FE2940AB2C65749B254840
TTG-P69,29385,31906,31026.0,,AC,11.434340403333335,1.2738833333333333,0,,2400,t,2400,inf,1,2026,40,31770.833333333336,61.0,6,1,2,-inf,inf,380.0,0102000000020000003BB7C6C29EE51C40910BBE69CAAC4A402543FE540A1B2040DB499A267CAA4A40,0102000000020000003BB7C6C29EE51C40910BBE69CAAC4A402543FE540A1B2040DB499A267CAA4A40
TTG-P72,29386,30889,33618.0,,AC,12.56636,1.4,0,,1790,t,1790,inf,1,2022,40,34916.20111731844,50.0,6,1,2,-inf,inf,380.0,0102000000020000002331CE8DD6F7234079479BC9E8DE4A409974C7EB2A482540157F9E59B0F54A40,0102000000020000002331CE8DD6F7234079479BC9E8DE4A409974C7EB2A482540157F9E59B0F54A40
TTG-P118,29387,34082,31545.0,,AC,6.831445632592593,0.7610814814814815,0,,2700,t,2700,inf,1,2025,40,18981.48148148148,41.0,6,1,2,-inf,inf,380.0,01020000000200000017BC5BF6CD8422402811B119BA874940CC667B30F77D234089940C406E754940,01020000000200000017BC5BF6CD8422402811B119BA874940CC667B30F77D234089940C406E754940
TTG-P151,29388,34082,32166.0,,AC,7.164686882962964,0.7982074074074074,0,,2700,t,2700,inf,1,2024,40,19907.40740740741,43.0,6,1,2,-inf,inf,380.0,01020000000200000017BC5BF6CD8422402811B119BA87494027A1AD4A4FFC21408A5E70BBE7AB4940,01020000000200000017BC5BF6CD8422402811B119BA87494027A1AD4A4FFC21408A5E70BBE7AB4940
TTG-P185,29389,31168,12982.0,,AC,7.123031726666668,0.7935666666666666,0,,2400,t,2400,inf,1,2023,40,39583.333333333336,38.0,3,1,1,-inf,inf,380.0,0102000000020000009DE66D6A2C6326404B7F3EC3C31449407AD278D8FAF02640B457C4550A374940,0102000000020000009DE66D6A2C6326404B7F3EC3C31449407AD278D8FAF02640B457C4550A374940
TNG-P47,29390,34195,33978.0,,AC,19.100867200000003,2.128,0,,1790,t,1790,inf,1,2021,40,106145.25139664803,76.0,3,1,1,-inf,inf,380.0,010200000002000000E851CF53014121407B6522DE94C54840E74749216EA02040CFFE245628814840,010200000002000000E851CF53014121407B6522DE94C54840E74749216EA02040CFFE245628814840
TNG-P47,29391,34195,34007.0,,AC,4.272562400000001,0.476,0,,1790,t,1790,inf,1,2031,40,23743.016759776536,17.0,3,1,1,-inf,inf,380.0,010200000002000000E851CF53014121407B6522DE94C5484094B0567825182140C8FE199B63B84840,010200000002000000E851CF53014121407B6522DE94C5484094B0567825182140C8FE199B63B84840
TNG-P47,29392,34007,34024.0,,AC,5.6548620000000005,0.63,0,,1790,t,1790,inf,1,2031,40,31424.58100558659,22.5,3,1,1,-inf,inf,380.0,01020000000200000094B0567825182140C8FE199B63B84840A11288E031062140B2F55DCCA1A54840,01020000000200000094B0567825182140C8FE199B63B84840A11288E031062140B2F55DCCA1A54840
TNG-P47,29393,34024,33978.0,,AC,10.555742400000002,1.176,0,,1790,t,1790,inf,1,2031,40,58659.21787709497,42.0,3,1,1,-inf,inf,380.0,010200000002000000A11288E031062140B2F55DCCA1A54840E74749216EA02040CFFE245628814840,010200000002000000A11288E031062140B2F55DCCA1A54840E74749216EA02040CFFE245628814840
TNG-P48,29394,13093,33750.0,,AC,12.817687200000002,1.428,0,,1790,t,1790,inf,1,2031,40,71229.0502793296,51.0,3,1,1,-inf,inf,380.0,0102000000020000005FCF7C7324F823407AC0E1AA57CD4840BA00B44DA963234034D39754C59D4840,0102000000020000005FCF7C7324F823407AC0E1AA57CD4840BA00B44DA963234034D39754C59D4840
TNG-P48,29395,33750,31261.0,,AC,12.063705600000002,1.344,0,,1790,t,1790,inf,1,2025,40,67039.1061452514,48.0,3,1,1,-inf,inf,380.0,010200000002000000BA00B44DA963234034D39754C59D4840D656B3399B4D2240B2A3A43562924840,010200000002000000BA00B44DA963234034D39754C59D4840D656B3399B4D2240B2A3A43562924840
TNG-P49,29396,33978,31772.0,,AC,3.3426517600000007,0.3724,0,,1790,t,1790,inf,1,2025,40,18575.41899441341,13.3,3,1,1,-inf,inf,380.0,010200000002000000E74749216EA02040CFFE245628814840B8D1FE6A597F2040696ADC19546C4840,010200000002000000E74749216EA02040CFFE245628814840B8D1FE6A597F2040696ADC19546C4840
TNG-P49,29397,31772,32088.0,,AC,5.277871200000001,0.588,0,,1790,t,1790,inf,1,2025,40,29329.608938547484,21.0,3,1,1,-inf,inf,380.0,010200000002000000B8D1FE6A597F2040696ADC19546C484018ECE2C2BE3D20405E66F385495A4840,010200000002000000B8D1FE6A597F2040696ADC19546C484018ECE2C2BE3D20405E66F385495A4840
TNG-P49,29398,32088,35649.0,,AC,7.941939520000001,0.8848,0,,1790,t,1790,inf,1,2025,40,44134.0782122905,31.6,3,1,1,-inf,inf,380.0,01020000000200000018ECE2C2BE3D20405E66F385495A48406480FD6979A21F40824523763A404840,01020000000200000018ECE2C2BE3D20405E66F385495A48406480FD6979A21F40824523763A404840
TNG-P49,29399,35649,34710.0,,AC,13.34547432,1.4868,0,,1790,t,1790,inf,1,2029,40,74162.01117318435,53.1,3,1,1,-inf,inf,380.0,0102000000020000006480FD6979A21F40824523763A404840EF63BA5394031F40B2E44CB0B70C4840,0102000000020000006480FD6979A21F40824523763A404840EF63BA5394031F40B2E44CB0B70C4840
TNG-P70,29400,31830,32076.0,,AC,6.45910904,0.7196,0,,1790,t,1790,inf,1,2029,40,35893.85474860335,25.7,3,1,1,-inf,inf,380.0,01020000000200000035DA19748348214019C9D8D7ED7148400306188351A021401F1FD7D7A7784840,01020000000200000035DA19748348214019C9D8D7ED7148400306188351A021401F1FD7D7A7784840
DC1,29401,31906,31188.0,,DC,13.076868375,2.428125,0,,2000,t,2000,inf,1,2022,40,75000.0,300.0,3,1,1,-inf,inf,,0102000000020000003BB7C6C29EE51C40910BBE69CAAC4A40AE508A51D9801A40CE7603B65BA14940,0102000000020000003BB7C6C29EE51C40910BBE69CAAC4A40AE508A51D9801A40CE7603B65BA14940
DC2,29402,31188,34007.0,,DC,14.820450825,2.751875,0,,2000,t,2000,inf,1,2027,40,85000.0,340.0,3,1,1,-inf,inf,,010200000002000000AE508A51D9801A40CE7603B65BA1494094B0567825182140C8FE199B63B84840,010200000002000000AE508A51D9801A40CE7603B65BA1494094B0567825182140C8FE199B63B84840
DC2,29403,34007,33994.0,,DC,14.820450825,2.751875,0,,2000,t,2000,inf,1,2027,40,85000.0,340.0,3,1,1,-inf,inf,,01020000000200000094B0567825182140C8FE199B63B848406651055E7BEE20408C4342A85A9C4840,01020000000200000094B0567825182140C8FE199B63B848406651055E7BEE20408C4342A85A9C4840
DC3,29404,31658,31261.0,,DC,30.03320770125,5.57659375,0,,2000,t,2000,inf,1,2024,40,172250.0,689.0,3,1,1,-inf,inf,,010200000002000000B278C51243672240A4BAD80DAAF24A40D656B3399B4D2240B2A3A43562924840,010200000002000000B278C51243672240A4BAD80DAAF24A40D656B3399B4D2240B2A3A43562924840
DC4,29405,34995,31160.0,,DC,23.4511839525,4.3544375,0,,2000,t,2000,inf,1,2028,40,134500.0,538.0,3,1,1,-inf,inf,,010200000002000000CD4C03F44DB0224031B62787A8F54A4073B29A4613522440B3C438B09CFE4840,010200000002000000CD4C03F44DB0224031B62787A8F54A4073B29A4613522440B3C438B09CFE4840
DC5,29406,31318,32780.0,,DC,23.49477351375,4.36253125,0,,2000,t,2000,inf,1,2028,40,134750.0,539.0,3,1,1,-inf,inf,,010200000002000000A8E8C3F2C34727408E3E75646E224A40242EFE2701982840E9B29F39AF4D4840,010200000002000000A8E8C3F2C34727408E3E75646E224A40242EFE2701982840E9B29F39AF4D4840
DC1a,29407,31906,31188.0,,DC,10.8973903125,2.0234375,0,,2400,t,2400,inf,1,2027,40,62500.0,300.0,3,1,1,-inf,inf,,0102000000020000003BB7C6C29EE51C40910BBE69CAAC4A40AE508A51D9801A40CE7603B65BA14940,0102000000020000003BB7C6C29EE51C40910BBE69CAAC4A40AE508A51D9801A40CE7603B65BA14940
DC20,29408,31614,32780.0,,DC,33.08447698875,6.1431562500000005,0,,2000,t,2000,inf,1,2027,40,189750.0,759.0,3,1,1,-inf,inf,,0102000000020000006CA4AC1BBEBD2640FF54E83DE4CC4A40242EFE2701982840E9B29F39AF4D4840,0102000000020000006CA4AC1BBEBD2640FF54E83DE4CC4A40242EFE2701982840E9B29F39AF4D4840
DC21,29409,34124,35112.0,,DC,11.63841285375,2.16103125,0,,2000,t,2000,inf,1,2032,40,66750.0,267.0,3,1,1,-inf,inf,,010200000002000000BDBC904EB14B2040B1575F4E22C84A40E56E32B25CDF1F4052D210DD93D64940,010200000002000000BDBC904EB14B2040B1575F4E22C84A40E56E32B25CDF1F4052D210DD93D64940
DC25,29410,35022,30934.0,,DC,17.740951428749998,3.29415625,0,,2000,t,2000,inf,1,2031,40,101750.0,407.0,3,1,1,-inf,inf,,010200000002000000F40B9CB0341A22409B1DBB8EC2144B40EA94D386DE171C40AF1C6D0F17D04940,010200000002000000F40B9CB0341A22409B1DBB8EC2144B40EA94D386DE171C40AF1C6D0F17D04940
DC31,29411,35022,31614.0,,DC,9.240986985,1.715875,0,,2000,t,2000,inf,1,2031,40,53000.0,212.0,3,1,1,-inf,inf,,010200000002000000F40B9CB0341A22409B1DBB8EC2144B406CA4AC1BBEBD2640FF54E83DE4CC4A40,010200000002000000F40B9CB0341A22409B1DBB8EC2144B406CA4AC1BBEBD2640FF54E83DE4CC4A40
DC34,29412,31472,33902.0,,DC,23.01528834,4.2735,0,,2000,t,2000,inf,1,2035,40,132000.0,528.0,3,1,1,-inf,inf,,01020000000200000062165B8E125E20402A8E3D3637A14A4074133514B8D62040D339E7B41DD14840,01020000000200000062165B8E125E20402A8E3D3637A14A4074133514B8D62040D339E7B41DD14840
P20,29413,31906,32848.0,,AC,2.4993093777777777,0.2784444444444444,0,,5400,t,5400,inf,1,2035,40,6944.444444444445,30.0,6,1,2,-inf,inf,380.0,0102000000020000003BB7C6C29EE51C40910BBE69CAAC4A40B46F091A7A0E1D40DB6C6175E1C74A40,0102000000020000003BB7C6C29EE51C40910BBE69CAAC4A40B46F091A7A0E1D40DB6C6175E1C74A40
P22,29414,35202,32326.0,,AC,1.941130283407408,0.2162585185185185,0,,5400,t,5400,inf,1,2030,40,5393.518518518519,23.3,6,1,2,-inf,inf,380.0,01020000000200000095D4A5FE52CE20404D6FCED35A9E4A40B85DA61DEC632140033A4439D88B4A40,01020000000200000095D4A5FE52CE20404D6FCED35A9E4A40B85DA61DEC632140033A4439D88B4A40
P22,29415,32326,31114.0,,AC,1.058040969925926,0.1178748148148148,0,,5400,t,5400,inf,1,2031,40,2939.814814814815,12.7,6,1,2,-inf,inf,380.0,010200000002000000B85DA61DEC632140033A4439D88B4A408EAC138BC3202140153123E215844A40,010200000002000000B85DA61DEC632140033A4439D88B4A408EAC138BC3202140153123E215844A40
P22,29416,31026,31763.0,,AC,2.665930002962963,0.2970074074074074,0,,5400,t,5400,inf,1,2031,40,14814.814814814816,32.0,3,1,1,-inf,inf,380.0,0102000000020000002543FE540A1B2040DB499A267CAA4A40098791CE0CF32040ECFEEF0ADEB64A40,0102000000020000002543FE540A1B2040DB499A267CAA4A40098791CE0CF32040ECFEEF0ADEB64A40
P23,29417,31118,31750.0,,AC,2.299364627555556,0.2561688888888889,0,,5400,t,5400,inf,1,2025,40,6388.88888888889,27.6,6,1,2,-inf,inf,380.0,010200000002000000802D859FEA002340484D91F37AC54A403564EB8F3B2322401C6C078087C84A40,010200000002000000802D859FEA002340484D91F37AC54A403564EB8F3B2322401C6C078087C84A40
P23,29418,31750,34760.0,,AC,5.231887630814815,0.582877037037037,0,,5400,t,5400,inf,1,2029,40,14537.037037037036,62.8,6,1,2,-inf,inf,380.0,0102000000020000003564EB8F3B2322401C6C078087C84A406DF1513FF60721408343F417199A4A40,0102000000020000003564EB8F3B2322401C6C078087C84A406DF1513FF60721408343F417199A4A40
P23,29419,34760,35202.0,,AC,0.7997790008888889,0.0891022222222222,0,,5400,t,5400,inf,1,2029,40,2222.222222222222,9.6,6,1,2,-inf,inf,380.0,0102000000020000006DF1513FF60721408343F417199A4A4095D4A5FE52CE20404D6FCED35A9E4A40,0102000000020000006DF1513FF60721408343F417199A4A4095D4A5FE52CE20404D6FCED35A9E4A40
P26,29420,31658,31658.0,,AC,0.2499309377777778,0.0278444444444444,0,,5400,t,5400,inf,1,2029,40,694.4444444444445,3.0,6,1,2,-inf,inf,380.0,010200000002000000B278C51243672240A4BAD80DAAF24A40B278C51243672240A4BAD80DAAF24A40,010200000002000000B278C51243672240A4BAD80DAAF24A40B278C51243672240A4BAD80DAAF24A40
P26,29421,31658,34995.0,,AC,0.6664825007407408,0.0742518518518518,0,,5400,t,5400,inf,1,2030,40,1851.851851851852,8.0,6,1,2,-inf,inf,380.0,010200000002000000B278C51243672240A4BAD80DAAF24A40CD4C03F44DB0224031B62787A8F54A40,010200000002000000B278C51243672240A4BAD80DAAF24A40CD4C03F44DB0224031B62787A8F54A40
P26,29422,34995,31561.0,,AC,3.665653754074074,0.4083851851851852,0,,5400,t,5400,inf,1,2030,40,10185.185185185186,44.0,6,1,2,-inf,inf,380.0,010200000002000000CD4C03F44DB0224031B62787A8F54A4060A2D973290F23401C8C88B53ACF4A40,010200000002000000CD4C03F44DB0224031B62787A8F54A4060A2D973290F23401C8C88B53ACF4A40
P33,29423,31318,31321.0,,AC,10.397127011555556,1.1583288888888887,0,,2700,t,2700,inf,1,2030,40,28888.88888888889,62.4,6,1,2,-inf,inf,380.0,010200000002000000A8E8C3F2C34727408E3E75646E224A400FD09195A8FF2540AEB6E5409E194A40,010200000002000000A8E8C3F2C34727408E3E75646E224A400FD09195A8FF2540AEB6E5409E194A40
P33,29424,31321,31450.0,,AC,8.281045071703705,0.9225792592592592,0,,2700,t,2700,inf,1,2032,40,23009.259259259263,49.7,6,1,2,-inf,inf,380.0,0102000000020000000FD09195A8FF2540AEB6E5409E194A40CD822DBC0BBD244042750E4963154A40,0102000000020000000FD09195A8FF2540AEB6E5409E194A40CD822DBC0BBD244042750E4963154A40
P33,29425,31450,11121.0,,AC,1.832826877037037,0.2041925925925926,0,,2700,t,2700,inf,1,2032,40,5092.592592592593,11.0,6,1,2,-inf,inf,380.0,010200000002000000CD822DBC0BBD244042750E4963154A4021B41EBE4C84244052103CBEBD154A40,010200000002000000CD822DBC0BBD244042750E4963154A4021B41EBE4C84244052103CBEBD154A40
P33,29426,11121,34776.0,,AC,3.815612316740741,0.4250918518518518,0,,2700,t,2700,inf,1,2032,40,10601.851851851852,22.9,6,1,2,-inf,inf,380.0,01020000000200000021B41EBE4C84244052103CBEBD154A407AF8146FE02C244077F8AD0956284A40,01020000000200000021B41EBE4C84244052103CBEBD154A407AF8146FE02C244077F8AD0956284A40
P37,29427,33754,35330.0,,AC,14.495994391111113,1.6149777777777776,0,,2700,t,2700,inf,1,2032,40,80555.55555555556,87.0,3,1,1,-inf,inf,380.0,010200000002000000718416231A3F26405CA54CC4CA7F494032913A2FCFC52440E32F8B4D46804940,010200000002000000718416231A3F26405CA54CC4CA7F494032913A2FCFC52440E32F8B4D46804940
P37,29428,35330,31545.0,,AC,7.164686882962964,0.7982074074074074,0,,2700,t,2700,inf,1,2027,40,39814.81481481482,43.0,3,1,1,-inf,inf,380.0,01020000000200000032913A2FCFC52440E32F8B4D46804940CC667B30F77D234089940C406E754940,01020000000200000032913A2FCFC52440E32F8B4D46804940CC667B30F77D234089940C406E754940
P43,29429,31545,33828.0,,AC,4.16551562962963,0.464074074074074,0,,5400,t,5400,inf,1,2026,40,11574.074074074077,50.0,6,1,2,-inf,inf,380.0,010200000002000000CC667B30F77D234089940C406E754940080C04775D8C23405A7A480FAE434940,010200000002000000CC667B30F77D234089940C406E754940080C04775D8C23405A7A480FAE434940
P43,29430,33828,31160.0,,AC,6.664825007407408,0.7425185185185185,0,,5400,t,5400,inf,1,2031,40,18518.51851851852,80.0,6,1,2,-inf,inf,380.0,010200000002000000080C04775D8C23405A7A480FAE43494073B29A4613522440B3C438B09CFE4840,010200000002000000080C04775D8C23405A7A480FAE43494073B29A4613522440B3C438B09CFE4840
P51,29431,31261,32419.0,,AC,6.785834400000001,0.756,0,,1790,t,1790,inf,1,2031,40,37709.49720670391,27.0,3,1,1,-inf,inf,380.0,010200000002000000D656B3399B4D2240B2A3A435629248401DA34A5053C12240D0CE837003684840,010200000002000000D656B3399B4D2240B2A3A435629248401DA34A5053C12240D0CE837003684840
P52,29432,9756,10362.0,,AC,1.7592904000000005,0.196,0,,1790,t,1790,inf,1,2030,40,9776.53631284916,7.0,3,1,1,-inf,inf,380.0,010200000002000000730C6DA57C812340EFD34C52F4D24740F965D58CB1A023401FACB5E67D924740,010200000002000000730C6DA57C812340EFD34C52F4D24740F965D58CB1A023401FACB5E67D924740
P53,29433,31156,35354.0,,AC,11.309724,1.26,0,,1790,t,1790,inf,1,2030,40,31424.58100558659,45.0,6,1,2,-inf,inf,380.0,01020000000200000073610124ADAF25409730670079B0484041D6F5727FA7264076419FE36EB24840,01020000000200000073610124ADAF25409730670079B0484041D6F5727FA7264076419FE36EB24840
P53,29434,35354,31176.0,,AC,9.497375635555557,1.0580888888888889,0,,5400,t,5400,inf,1,2030,40,26388.88888888889,114.0,6,1,2,-inf,inf,380.0,01020000000200000041D6F5727FA7264076419FE36EB24840CD4D0E46B7952740CFEEF8EC4A6B4840,01020000000200000041D6F5727FA7264076419FE36EB24840CD4D0E46B7952740CFEEF8EC4A6B4840
P53,29435,31176,28213.0,,AC,0.3582343441481481,0.0399103703703703,0,,5400,t,5400,inf,1,2029,40,995.3703703703704,4.3,6,1,2,-inf,inf,380.0,010200000002000000CD4D0E46B7952740CFEEF8EC4A6B4840D7C0FB4FA3112840539B937252584840,010200000002000000CD4D0E46B7952740CFEEF8EC4A6B4840D7C0FB4FA3112840539B937252584840
P53,29436,28213,32779.0,,AC,1.7245234706666668,0.1921266666666666,0,,5400,t,5400,inf,1,2029,40,4791.666666666667,20.7,6,1,2,-inf,inf,380.0,010200000002000000D7C0FB4FA3112840539B9372525848407E186A56117128403C15854CF94A4840,010200000002000000D7C0FB4FA3112840539B9372525848407E186A56117128403C15854CF94A4840
P72,29437,33618,32761.0,,AC,3.5185808000000005,0.392,0,,1790,t,1790,inf,1,2029,40,9776.53631284916,14.0,6,1,2,-inf,inf,380.0,0102000000020000009974C7EB2A482540157F9E59B0F54A40C28040358C852540406D3E8972F44A40,0102000000020000009974C7EB2A482540157F9E59B0F54A40C28040358C852540406D3E8972F44A40
P72,29438,32761,32873.0,,AC,10.053088,1.12,0,,1790,t,1790,inf,1,2026,40,27932.960893854743,40.0,6,1,2,-inf,inf,380.0,010200000002000000C28040358C852540406D3E8972F44A4018E292C185E025409636F6B065244B40,010200000002000000C28040358C852540406D3E8972F44A4018E292C185E025409636F6B065244B40
P74,29439,32834,31251.0,,AC,19.3521944,2.156,0,,1790,t,1790,inf,1,2027,40,107541.89944134078,77.0,3,1,1,-inf,inf,380.0,0102000000020000009816F588102A244077FC263E0F22484044A24D53CE632440155A1FA947FC4740,0102000000020000009816F588102A244077FC263E0F22484044A24D53CE632440155A1FA947FC4740
P74,29440,31251,32585.0,,AC,8.293797600000001,0.924,0,,1790,t,1790,inf,1,2030,40,46089.38547486033,33.0,3,1,1,-inf,inf,380.0,01020000000200000044A24D53CE632440155A1FA947FC4740E31CD39099B924402324B7688CDE4740,01020000000200000044A24D53CE632440155A1FA947FC4740E31CD39099B924402324B7688CDE4740
P74,29441,32585,10362.0,,AC,9.0477792,1.008,0,,1790,t,1790,inf,1,2030,40,50279.32960893855,36.0,3,1,1,-inf,inf,380.0,010200000002000000E31CD39099B924402324B7688CDE4740F965D58CB1A023401FACB5E67D924740,010200000002000000E31CD39099B924402324B7688CDE4740F965D58CB1A023401FACB5E67D924740
P84,29442,30889,30998.0,,AC,7.7911432,0.868,0,,1790,t,1790,inf,1,2030,40,43296.08938547486,31.0,3,1,1,-inf,inf,380.0,0102000000020000002331CE8DD6F7234079479BC9E8DE4A401F466A250051244010E78AAF17C74A40,0102000000020000002331CE8DD6F7234079479BC9E8DE4A401F466A250051244010E78AAF17C74A40
P84,29443,30998,30978.0,,AC,7.037161600000001,0.784,0,,1790,t,1790,inf,1,2032,40,9776.53631284916,28.0,12,1,4,-inf,inf,380.0,0102000000020000001F466A250051244010E78AAF17C74A40241E603E51D42440AD001AC5CFB44A40,0102000000020000001F466A250051244010E78AAF17C74A40241E603E51D42440AD001AC5CFB44A40
P112,29444,31211,29392.0,,AC,3.582343441481482,0.3991037037037037,0,,5400,t,5400,inf,1,2032,40,9953.703703703704,43.0,6,1,2,-inf,inf,380.0,010200000002000000EE728BCDD2342A40CBCB906D5A554840F08CB62A89282A401863601DC7204840,010200000002000000EE728BCDD2342A40CBCB906D5A554840F08CB62A89282A401863601DC7204840
P112,29445,29392,33061.0,,AC,6.785834400000001,0.756,0,,1790,t,1790,inf,1,2030,40,18854.748603351956,27.0,6,1,2,-inf,inf,380.0,010200000002000000F08CB62A89282A401863601DC720484018D6B568B37E2940CA9E61160A134840,010200000002000000F08CB62A89282A401863601DC720484018D6B568B37E2940CA9E61160A134840
P113,29446,30978,31456.0,,AC,2.0910888460740744,0.2329651851851852,0,,5400,t,5400,inf,1,2030,40,5810.185185185186,25.1,6,1,2,-inf,inf,380.0,010200000002000000241E603E51D42440AD001AC5CFB44A40C37C456DFEC12440C8EEB7EB159C4A40,010200000002000000241E603E51D42440AD001AC5CFB44A40C37C456DFEC12440C8EEB7EB159C4A40
P113,29447,31456,31459.0,,AC,2.4076680339259258,0.2682348148148147,0,,5400,t,5400,inf,1,2031,40,6689.814814814815,28.9,6,1,2,-inf,inf,380.0,010200000002000000C37C456DFEC12440C8EEB7EB159C4A408CAF9EC859C324408ACBF2E1267F4A40,010200000002000000C37C456DFEC12440C8EEB7EB159C4A408CAF9EC859C324408ACBF2E1267F4A40
P113,29448,31459,31062.0,,AC,7.164686882962964,0.7982074074074074,0,,5400,t,5400,inf,1,2031,40,19907.40740740741,86.0,6,1,2,-inf,inf,380.0,0102000000020000008CAF9EC859C324408ACBF2E1267F4A40318B4FAB0DBB2440869347CA6F244A40,0102000000020000008CAF9EC859C324408ACBF2E1267F4A40318B4FAB0DBB2440869347CA6F244A40
P116,29449,31118,35359.0,,AC,9.830616885925927,1.0952148148148146,0,,5400,t,5400,inf,1,2031,40,27314.814814814818,118.0,6,1,2,-inf,inf,380.0,010200000002000000802D859FEA002340484D91F37AC54A4022A85324A9812240A1F3FE79B28E4A40,010200000002000000802D859FEA002340484D91F37AC54A4022A85324A9812240A1F3FE79B28E4A40
P116,29450,35359,405.0,,AC,0.4582067192592592,0.0510481481481481,0,,5400,t,5400,inf,1,2033,40,1273.1481481481485,5.5,6,1,2,-inf,inf,380.0,01020000000200000022A85324A9812240A1F3FE79B28E4A40C3D8429083462240311F5A7567694A40,01020000000200000022A85324A9812240A1F3FE79B28E4A40C3D8429083462240311F5A7567694A40
P116,29451,405,31407.0,,AC,3.04082640962963,0.338774074074074,0,,5400,t,5400,inf,1,2033,40,8449.074074074075,36.5,6,1,2,-inf,inf,380.0,010200000002000000C3D8429083462240311F5A7567694A40E8D5F5D4224022406C9F51D6E5444A40,010200000002000000C3D8429083462240311F5A7567694A40E8D5F5D4224022406C9F51D6E5444A40
P116,29452,31407,31136.0,,AC,3.332412503703704,0.3712592592592592,0,,2700,t,2700,inf,1,2033,40,9259.25925925926,20.0,6,1,2,-inf,inf,380.0,010200000002000000E8D5F5D4224022406C9F51D6E5444A40CD5D4B621FE121402C93419896334A40,010200000002000000E8D5F5D4224022406C9F51D6E5444A40CD5D4B621FE121402C93419896334A40
P119,29453,31026,31472.0,,AC,0.7414617820740741,0.0826051851851851,0,,5400,t,5400,inf,1,2033,40,2060.185185185185,8.9,6,1,2,-inf,inf,380.0,0102000000020000002543FE540A1B2040DB499A267CAA4A4062165B8E125E20402A8E3D3637A14A40,0102000000020000002543FE540A1B2040DB499A267CAA4A4062165B8E125E20402A8E3D3637A14A40
P119,29454,31472,35202.0,,AC,1.4246063453333335,0.1587133333333333,0,,5400,t,5400,inf,1,2031,40,3958.333333333334,17.1,6,1,2,-inf,inf,380.0,01020000000200000062165B8E125E20402A8E3D3637A14A4095D4A5FE52CE20404D6FCED35A9E4A40,01020000000200000062165B8E125E20402A8E3D3637A14A4095D4A5FE52CE20404D6FCED35A9E4A40
P119,29455,35202,32281.0,,AC,0.4998618755555556,0.0556888888888888,0,,5400,t,5400,inf,1,2031,40,1388.888888888889,6.0,6,1,2,-inf,inf,380.0,01020000000200000095D4A5FE52CE20404D6FCED35A9E4A40BC54C47A64D120404ADBB1F559984A40,01020000000200000095D4A5FE52CE20404D6FCED35A9E4A40BC54C47A64D120404ADBB1F559984A40
P119,29456,35202,34664.0,,AC,4.373791411111111,0.4872777777777777,0,,5400,t,5400,inf,1,2031,40,12152.77777777778,52.5,6,1,2,-inf,inf,380.0,01020000000200000095D4A5FE52CE20404D6FCED35A9E4A407D95034EDAA32140D7988AE6BE8D4A40,01020000000200000095D4A5FE52CE20404D6FCED35A9E4A407D95034EDAA32140D7988AE6BE8D4A40
P119,29457,34664,35359.0,,AC,2.774233409333333,0.3090733333333333,0,,5400,t,5400,inf,1,2031,40,7708.333333333333,33.3,6,1,2,-inf,inf,380.0,0102000000020000007D95034EDAA32140D7988AE6BE8D4A4022A85324A9812240A1F3FE79B28E4A40,0102000000020000007D95034EDAA32140D7988AE6BE8D4A4022A85324A9812240A1F3FE79B28E4A40
P124,29458,31318,31811.0,,AC,29.405282400000004,3.276,0,,1790,t,1790,inf,1,2031,40,163407.82122905029,117.0,3,1,1,-inf,inf,380.0,010200000002000000A8E8C3F2C34727408E3E75646E224A40D07BA0B65B08274005734508C0CA4940,010200000002000000A8E8C3F2C34727408E3E75646E224A40D07BA0B65B08274005734508C0CA4940
P124,29459,31811,23074.0,,AC,5.9564546400000005,0.6636,0,,1790,t,1790,inf,1,2029,40,33100.55865921787,23.7,3,1,1,-inf,inf,380.0,010200000002000000D07BA0B65B08274005734508C0CA494025647B88A1682740EED11BEE23B24940,010200000002000000D07BA0B65B08274005734508C0CA494025647B88A1682740EED11BEE23B24940
P124,29460,23074,31603.0,,AC,3.8453061600000007,0.4284,0,,1790,t,1790,inf,1,2028,40,21368.71508379888,15.3,3,1,1,-inf,inf,380.0,01020000000200000025647B88A1682740EED11BEE23B2494060D482460ACA274058F17C1A09B44940,01020000000200000025647B88A1682740EED11BEE23B2494060D482460ACA274058F17C1A09B44940
P133,29461,34082,34585.0,,AC,6.08165281925926,0.6775481481481481,0,,5400,t,5400,inf,1,2028,40,33796.2962962963,73.0,3,1,1,-inf,inf,380.0,01020000000200000017BC5BF6CD8422402811B119BA874940644B48EF3350214060F6162F894D4940,01020000000200000017BC5BF6CD8422402811B119BA874940644B48EF3350214060F6162F894D4940
P135,29462,31136,31053.0,,AC,3.732302004148148,0.4158103703703703,0,,5400,t,5400,inf,1,2031,40,20740.74074074074,44.8,3,1,1,-inf,inf,380.0,010200000002000000CD5D4B621FE121402C93419896334A40AAC9BEB1942421409012E79F780D4A40,010200000002000000CD5D4B621FE121402C93419896334A40AAC9BEB1942421409012E79F780D4A40
P135,29463,31053,35362.0,,AC,1.2663167514074074,0.1410785185185185,0,,5400,t,5400,inf,1,2031,40,7037.037037037037,15.2,3,1,1,-inf,inf,380.0,010200000002000000AAC9BEB1942421409012E79F780D4A4091EB4094845121401AE77E10E3FF4940,010200000002000000AAC9BEB1942421409012E79F780D4A4091EB4094845121401AE77E10E3FF4940
P150,29464,23074,34109.0,,AC,17.844231200000003,1.988,0,,1790,t,1790,inf,1,2031,40,99162.01117318436,71.0,3,1,1,-inf,inf,380.0,01020000000200000025647B88A1682740EED11BEE23B24940C9A41F9826782540A5ED6D0A58B84940,01020000000200000025647B88A1682740EED11BEE23B24940C9A41F9826782540A5ED6D0A58B84940
P150,29465,34109,33754.0,,AC,16.587595200000003,1.848,0,,1790,t,1790,inf,1,2029,40,92178.77094972068,66.0,3,1,1,-inf,inf,380.0,010200000002000000C9A41F9826782540A5ED6D0A58B84940718416231A3F26405CA54CC4CA7F4940,010200000002000000C9A41F9826782540A5ED6D0A58B84940718416231A3F26405CA54CC4CA7F4940
P159,29466,33902,8910.0,,AC,3.2672536000000005,0.364,0,,1790,t,1790,inf,1,2029,40,18156.424581005587,13.0,3,1,1,-inf,inf,380.0,01020000000200000074133514B8D62040D339E7B41DD14840C6466AEBF1C82040A304A2CCABC84840,01020000000200000074133514B8D62040D339E7B41DD14840C6466AEBF1C82040A304A2CCABC84840
P159,29467,8910,34001.0,,AC,1.256636,0.14,0,,1790,t,1790,inf,1,2029,40,6983.240223463687,5.0,3,1,1,-inf,inf,380.0,010200000002000000C6466AEBF1C82040A304A2CCABC84840B62BE4390BD12040E67A81EFA9C34840,010200000002000000C6466AEBF1C82040A304A2CCABC84840B62BE4390BD12040E67A81EFA9C34840
P161,29468,32221,32219.0,,AC,0.7539816000000001,0.084,0,,1790,t,1790,inf,1,2029,40,4189.944134078212,3.0,3,1,1,-inf,inf,380.0,010200000002000000FB233CDADBEA21402FCE60E4920A4940800CB7B5A0FA21407788AA3FB7074940,010200000002000000FB233CDADBEA21402FCE60E4920A4940800CB7B5A0FA21407788AA3FB7074940
P161,29469,32219,30972.0,,AC,5.277871200000001,0.588,0,,1790,t,1790,inf,1,2028,40,29329.608938547484,21.0,3,1,1,-inf,inf,380.0,010200000002000000800CB7B5A0FA21407788AA3FB7074940DFD322A2678B21406BC81BDABEFC4840,010200000002000000800CB7B5A0FA21407788AA3FB7074940DFD322A2678B21406BC81BDABEFC4840
P170,29470,32535,32815.0,,AC,8.545124800000002,0.952,0,,1790,t,1790,inf,1,2028,40,47486.03351955307,34.0,3,1,1,-inf,inf,380.0,0102000000020000009DAB429D5EFC1B40DB44F0980DB04840E43273CEC3171B402DDF7AEB41A54840,0102000000020000009DAB429D5EFC1B40DB44F0980DB04840E43273CEC3171B402DDF7AEB41A54840
P170,29471,32815,43767.0,,AC,3.2672536000000005,0.364,0,,1790,t,1790,inf,1,2030,40,18156.424581005587,13.0,3,1,1,-inf,inf,380.0,010200000002000000E43273CEC3171B402DDF7AEB41A54840534F48BB7E3E0940CC7102F982674740,010200000002000000E43273CEC3171B402DDF7AEB41A54840534F48BB7E3E0940CC7102F982674740
P175,29472,34124,35036.0,,AC,1.2496546888888889,0.1392222222222222,0,,5400,t,5400,inf,1,2030,40,3472.2222222222226,15.0,6,1,2,-inf,inf,380.0,010200000002000000BDBC904EB14B2040B1575F4E22C84A40F59412AD99202040CE844FD423C74A40,010200000002000000BDBC904EB14B2040B1575F4E22C84A40F59412AD99202040CE844FD423C74A40
P175,29473,34124,31026.0,,AC,2.999171253333333,0.3341333333333333,0,,5400,t,5400,inf,1,2029,40,8333.333333333334,36.0,6,1,2,-inf,inf,380.0,010200000002000000BDBC904EB14B2040B1575F4E22C84A402543FE540A1B2040DB499A267CAA4A40,010200000002000000BDBC904EB14B2040B1575F4E22C84A402543FE540A1B2040DB499A267CAA4A40
P176,29474,34710,43767.0,,AC,4.5238896,0.504,0,,1790,t,1790,inf,1,2029,40,25139.664804469277,18.0,3,1,1,-inf,inf,380.0,010200000002000000EF63BA5394031F40B2E44CB0B70C4840534F48BB7E3E0940CC7102F982674740,010200000002000000EF63BA5394031F40B2E44CB0B70C4840534F48BB7E3E0940CC7102F982674740
P200,29475,31332,2344.0,,AC,4.0212352000000005,0.448,0,,1790,t,1790,inf,1,2026,40,11173.1843575419,16.0,6,1,2,-inf,inf,380.0,010200000002000000FA9F9B6CAFD419404D0C6CFE8C6F494014C9FC48B6971A4036A33039FF6E4940,010200000002000000FA9F9B6CAFD419404D0C6CFE8C6F494014C9FC48B6971A4036A33039FF6E4940
P204,29476,31716,43763.0,,AC,1.0053088,0.112,0,,1790,t,1790,inf,1,2027,40,5586.592178770949,4.0,3,1,1,-inf,inf,380.0,010200000002000000970A3A0F8584204018A0BDC12DD147408239AA1C786A20402871FE2C66694740,010200000002000000970A3A0F8584204018A0BDC12DD147408239AA1C786A20402871FE2C66694740
P206,29477,31241,33704.0,,AC,11.485653040000004,1.2796,0,,1790,t,1790,inf,1,2030,40,31913.40782122905,45.7,6,1,2,-inf,inf,380.0,010200000002000000BCDCE6B2C6D92240E5C9978F3F084840C95CD4E92E8B22403C56C5EF0DF54740,010200000002000000BCDCE6B2C6D92240E5C9978F3F084840C95CD4E92E8B22403C56C5EF0DF54740
P206,29478,33704,33333.0,,AC,9.52530088,1.0612,0,,1790,t,1790,inf,1,2032,40,26466.480446927373,37.9,6,1,2,-inf,inf,380.0,010200000002000000C95CD4E92E8B22403C56C5EF0DF547402F9CCAE819B92140F76C114639E74740,010200000002000000C95CD4E92E8B22403C56C5EF0DF547402F9CCAE819B92140F76C114639E74740
P206,29479,33333,31716.0,,AC,14.17485408,1.5792,0,,1790,t,1790,inf,1,2032,40,39385.47486033519,56.4,6,1,2,-inf,inf,380.0,0102000000020000002F9CCAE819B92140F76C114639E74740970A3A0F8584204018A0BDC12DD14740,0102000000020000002F9CCAE819B92140F76C114639E74740970A3A0F8584204018A0BDC12DD14740
P211,29480,34585,31040.0,,AC,4.248825942222222,0.4733555555555555,0,,5400,t,5400,inf,1,2032,40,23611.111111111117,51.0,3,1,1,-inf,inf,380.0,010200000002000000644B48EF3350214060F6162F894D494074E0E19FB19E2140BAD4F3780E1A4940,010200000002000000644B48EF3350214060F6162F894D494074E0E19FB19E2140BAD4F3780E1A4940
P212,29481,31407,31085.0,,AC,6.08165281925926,0.6775481481481481,0,,5400,t,5400,inf,1,2031,40,33796.2962962963,73.0,3,1,1,-inf,inf,380.0,010200000002000000E8D5F5D4224022406C9F51D6E5444A401FBCC70EC5C722406F19DC796A034A40,010200000002000000E8D5F5D4224022406C9F51D6E5444A401FBCC70EC5C722406F19DC796A034A40
P212,29482,31085,32252.0,,AC,2.6409369091851853,0.2942229629629629,0,,5400,t,5400,inf,1,2040,40,14675.925925925929,31.7,3,1,1,-inf,inf,380.0,0102000000020000001FBCC70EC5C722406F19DC796A034A40FF0DF901CB742240269E257EFEE74940,0102000000020000001FBCC70EC5C722406F19DC796A034A40FF0DF901CB742240269E257EFEE74940
P212,29483,32252,34779.0,,AC,2.107750908592593,0.2348214814814814,0,,5400,t,5400,inf,1,2040,40,11712.962962962964,25.3,3,1,1,-inf,inf,380.0,010200000002000000FF0DF901CB742240269E257EFEE749404DAC5BD978C622402243F69903D24940,010200000002000000FF0DF901CB742240269E257EFEE749404DAC5BD978C622402243F69903D24940
P212,29484,34779,34965.0,,AC,3.840605410518519,0.4278762962962962,0,,5400,t,5400,inf,1,2040,40,21342.592592592595,46.1,3,1,1,-inf,inf,380.0,0102000000020000004DAC5BD978C622402243F69903D249403F08CA9CA92B234041CBF8806AAA4940,0102000000020000004DAC5BD978C622402243F69903D249403F08CA9CA92B234041CBF8806AAA4940
P212,29485,34965,34097.0,,AC,0.9080824072592594,0.1011681481481481,0,,5400,t,5400,inf,1,2040,40,5046.2962962962965,10.9,3,1,1,-inf,inf,380.0,0102000000020000003F08CA9CA92B234041CBF8806AAA494063E9A7D014072340DE24693C26A14940,0102000000020000003F08CA9CA92B234041CBF8806AAA494063E9A7D014072340DE24693C26A14940
P212,29486,34097,31595.0,,AC,2.4993093777777777,0.2784444444444444,0,,5400,t,5400,inf,1,2040,40,13888.88888888889,30.0,3,1,1,-inf,inf,380.0,01020000000200000063E9A7D014072340DE24693C26A149402F461126FE841B409EA2EB4772EB4940,01020000000200000063E9A7D014072340DE24693C26A149402F461126FE841B409EA2EB4772EB4940
P215,29487,31759,31761.0,,AC,12.28990008,1.3692,0,,1790,t,1790,inf,1,2040,40,68296.08938547486,48.9,3,1,1,-inf,inf,380.0,01020000000200000070709471215F2840A5351E9E73E84A409D495A60666D284041214071C40C4B40,01020000000200000070709471215F2840A5351E9E73E84A409D495A60666D284041214071C40C4B40
P215,29488,31761,35212.0,,AC,4.800349520000001,0.5348,0,,1790,t,1790,inf,1,2030,40,26675.97765363129,19.1,3,1,1,-inf,inf,380.0,0102000000020000009D495A60666D284041214071C40C4B401E4B473262E128403F7AE2310E044B40,0102000000020000009D495A60666D284041214071C40C4B401E4B473262E128403F7AE2310E044B40
P216,29489,31759,35264.0,,AC,16.537329760000002,1.8424,0,,1790,t,1790,inf,1,2030,40,91899.44134078213,65.8,3,1,1,-inf,inf,380.0,01020000000200000070709471215F2840A5351E9E73E84A40AFF8964B40492A40837E727E2AF44A40,01020000000200000070709471215F2840A5351E9E73E84A40AFF8964B40492A40837E727E2AF44A40
P216,29490,35264,32123.0,,AC,6.082118240000001,0.6776,0,,1790,t,1790,inf,1,2033,40,33798.882681564246,24.2,3,1,1,-inf,inf,380.0,010200000002000000AFF8964B40492A40837E727E2AF44A405CFB7C5EB6CC2A4020D75877B0E54A40,010200000002000000AFF8964B40492A40837E727E2AF44A405CFB7C5EB6CC2A4020D75877B0E54A40
P216,29491,32123,35283.0,,AC,15.5822864,1.736,0,,1790,t,1790,inf,1,2033,40,86592.17877094971,62.0,3,1,1,-inf,inf,380.0,0102000000020000005CFB7C5EB6CC2A4020D75877B0E54A4089C007183F112C4033455E84F6C04A40,0102000000020000005CFB7C5EB6CC2A4020D75877B0E54A4089C007183F112C4033455E84F6C04A40
P221,29492,31759,43774.0,,DC,4.358956125,0.809375,0,,700,t,700,inf,1,2030,40,37500.0,35.0,2,1,1,-inf,inf,,01020000000200000070709471215F2840A5351E9E73E84A40876D2A0613473040B8F2AE1ACBAD4E40,01020000000200000070709471215F2840A5351E9E73E84A40876D2A0613473040B8F2AE1ACBAD4E40
P222,29493,30878,31293.0,,AC,3.915584691851852,0.4362296296296296,0,,5400,t,5400,inf,1,2035,40,10879.62962962963,47.0,6,1,2,-inf,inf,380.0,010200000002000000DDCC9238A6BD2640B531498A4F2548405BDD9FFD7EBC2740FC5BCB84781A4840,010200000002000000DDCC9238A6BD2640B531498A4F2548405BDD9FFD7EBC2740FC5BCB84781A4840
P223,29494,31759,34679.0,,AC,3.757295097925926,0.4185948148148148,0,,5400,t,5400,inf,1,2029,40,20879.62962962963,45.1,3,1,1,-inf,inf,380.0,01020000000200000070709471215F2840A5351E9E73E84A4069FA5D97AE652740CEAB9CBE22C94A40,01020000000200000070709471215F2840A5351E9E73E84A4069FA5D97AE652740CEAB9CBE22C94A40
P223,29495,34679,31614.0,,AC,2.099419877333333,0.2338933333333333,0,,5400,t,5400,inf,1,2030,40,11666.666666666668,25.2,3,1,1,-inf,inf,380.0,01020000000200000069FA5D97AE652740CEAB9CBE22C94A406CA4AC1BBEBD2640FF54E83DE4CC4A40,01020000000200000069FA5D97AE652740CEAB9CBE22C94A406CA4AC1BBEBD2640FF54E83DE4CC4A40
P223,29496,31614,30978.0,,AC,6.389900975851853,0.7118896296296296,0,,5400,t,5400,inf,1,2030,40,35509.25925925926,76.7,3,1,1,-inf,inf,380.0,0102000000020000006CA4AC1BBEBD2640FF54E83DE4CC4A40241E603E51D42440AD001AC5CFB44A40,0102000000020000006CA4AC1BBEBD2640FF54E83DE4CC4A40241E603E51D42440AD001AC5CFB44A40
P225,29497,32779,32780.0,,AC,0.6664825007407408,0.0742518518518518,0,,5400,t,5400,inf,1,2030,40,1234.567901234568,8.0,9,1,3,-inf,inf,380.0,0102000000020000007E186A56117128403C15854CF94A4840242EFE2701982840E9B29F39AF4D4840,0102000000020000007E186A56117128403C15854CF94A4840242EFE2701982840E9B29F39AF4D4840
P227,29498,33618,30978.0,,AC,20.106176,2.24,0,,1790,t,1790,inf,1,2030,40,55865.92178770949,80.0,6,1,2,-inf,inf,380.0,0102000000020000009974C7EB2A482540157F9E59B0F54A40241E603E51D42440AD001AC5CFB44A40,0102000000020000009974C7EB2A482540157F9E59B0F54A40241E603E51D42440AD001AC5CFB44A40
P228,29499,31407,31838.0,,AC,20.709361280000003,2.3072000000000004,0,,1790,t,1790,inf,1,2040,40,57541.89944134079,82.4,6,1,2,-inf,inf,380.0,010200000002000000E8D5F5D4224022406C9F51D6E5444A407C5BC0291BD62340AD662204A4304A40,010200000002000000E8D5F5D4224022406C9F51D6E5444A407C5BC0291BD62340AD662204A4304A40
P228,29500,31838,34776.0,,AC,3.920704320000001,0.4368,0,,1790,t,1790,inf,1,2032,40,10893.854748603351,15.6,6,1,2,-inf,inf,380.0,0102000000020000007C5BC0291BD62340AD662204A4304A407AF8146FE02C244077F8AD0956284A40,0102000000020000007C5BC0291BD62340AD662204A4304A407AF8146FE02C244077F8AD0956284A40
P252,29501,30931,1026.0,,AC,1.0053088,0.112,0,,1790,t,1790,inf,1,2032,40,5586.592178770949,4.0,3,1,1,-inf,inf,380.0,0102000000020000004725128F580C2B40025721E394444A4075DB74BAE2142B4011DF2EA0BC3F4A40,0102000000020000004725128F580C2B40025721E394444A4075DB74BAE2142B4011DF2EA0BC3F4A40
P252,29502,1026,30930.0,,AC,1.0053088,0.112,0,,1790,t,1790,inf,1,2032,40,5586.592178770949,4.0,3,1,1,-inf,inf,380.0,01020000000200000075DB74BAE2142B4011DF2EA0BC3F4A4056A4401F23032B40D5174651A63C4A40,01020000000200000075DB74BAE2142B4011DF2EA0BC3F4A4056A4401F23032B40D5174651A63C4A40
P302,29503,33771,33758.0,,AC,11.5610512,1.288,0,,1790,t,1790,inf,1,2035,40,64245.81005586592,46.0,3,1,1,-inf,inf,380.0,010200000002000000CAA8BC88D2E422403BEE86BC8DCB48406C936C0A052F22407FDFE211B6A54840,010200000002000000CAA8BC88D2E422403BEE86BC8DCB48406C936C0A052F22407FDFE211B6A54840
P306,29504,31261,32308.0,,AC,9.8017608,1.092,0,,1790,t,1790,inf,1,2030,40,54469.273743016754,39.0,3,1,1,-inf,inf,380.0,010200000002000000D656B3399B4D2240B2A3A435629248400527BE50431722408C58D73994734840,010200000002000000D656B3399B4D2240B2A3A435629248400527BE50431722408C58D73994734840
P313,29505,31808,43762.0,,AC,3.769908000000001,0.42,0,,1790,t,1790,inf,1,2035,40,20949.72067039106,15.0,3,1,1,-inf,inf,380.0,010200000002000000C3D2DB1575201A401C53260FED3149404E64524CD2311340CC4335CC205F4940,010200000002000000C3D2DB1575201A401C53260FED3149404E64524CD2311340CC4335CC205F4940
P315,29506,32669,35336.0,,AC,23.624756800000004,2.632,0,,1790,t,1790,inf,1,2035,40,65642.45810055865,94.0,6,1,2,-inf,inf,380.0,0102000000020000008837D2B3A33B1D40B33FCE7D073D4A404BADE46885231C4086EAF72ACD194A40,0102000000020000008837D2B3A33B1D40B33FCE7D073D4A404BADE46885231C4086EAF72ACD194A40
P328,29507,35036,43769.0,,DC,12.454160357142856,2.3125,0,,1400,t,1400,inf,1,2034,40,71428.57142857143,200.0,3,1,1,-inf,inf,380.0,010200000002000000F59412AD99202040CE844FD423C74A400DA2B316649CFFBF7EDA52731BA44A40,010200000002000000F59412AD99202040CE844FD423C74A400DA2B316649CFFBF7EDA52731BA44A40
P330,29508,13093,33771.0,,AC,10.63114056,1.1844,0,,1790,t,1790,inf,1,2025,40,59078.21229050279,42.3,3,1,1,-inf,inf,380.0,0102000000020000005FCF7C7324F823407AC0E1AA57CD4840CAA8BC88D2E422403BEE86BC8DCB4840,0102000000020000005FCF7C7324F823407AC0E1AA57CD4840CAA8BC88D2E422403BEE86BC8DCB4840
P355,29509,33678,34940.0,,AC,8.922115600000001,0.994,0,,1790,t,1790,inf,1,2035,40,24790.502793296087,35.5,6,1,2,-inf,inf,380.0,010200000002000000F76CE8F3996B2B4009D1691102454A40E9D7606311442C405AEE1256B6384A40,010200000002000000F76CE8F3996B2B4009D1691102454A40E9D7606311442C405AEE1256B6384A40
P355,29510,34940,32509.0,,AC,12.66689088,1.4112,0,,1790,t,1790,inf,1,2035,40,35195.530726256984,50.4,6,1,2,-inf,inf,380.0,010200000002000000E9D7606311442C405AEE1256B6384A40EF0BD66237352D403B7926F661164A40,010200000002000000E9D7606311442C405AEE1256B6384A40EF0BD66237352D403B7926F661164A40
P355,29511,32509,35257.0,,AC,9.826893520000002,1.0948,0,,1790,t,1790,inf,1,2035,40,27304.469273743016,39.1,6,1,2,-inf,inf,380.0,010200000002000000EF0BD66237352D403B7926F661164A40616E7F0EFEDA2C407C7EB673D1F14940,010200000002000000EF0BD66237352D403B7926F661164A40616E7F0EFEDA2C407C7EB673D1F14940
P359,29512,31846,31318.0,,AC,9.2991064,1.036,0,,1790,t,1790,inf,1,2035,40,51675.977653631286,37.0,3,1,1,-inf,inf,380.0,010200000002000000334D63EE7B74274097CEED40C9484A40A8E8C3F2C34727408E3E75646E224A40,010200000002000000334D63EE7B74274097CEED40C9484A40A8E8C3F2C34727408E3E75646E224A40
P367,29513,31906,43771.0,,AC,6.534507200000001,0.728,0,,1790,t,1790,inf,1,2030,40,36312.84916201117,26.0,3,1,1,-inf,inf,380.0,0102000000020000003BB7C6C29EE51C40910BBE69CAAC4A402485ADD4AE34164077FF069BE82F4A40,0102000000020000003BB7C6C29EE51C40910BBE69CAAC4A402485ADD4AE34164077FF069BE82F4A40
P402,29514,33506,32238.0,,AC,31.667227200000003,3.528,0,,1790,t,1790,inf,1,2035,40,175977.65363128492,126.0,3,1,1,-inf,inf,380.0,010200000002000000D6844A5DC18F1F40BEC22E8D93234A40BF5A4F400ED61E407B1A207696D64940,010200000002000000D6844A5DC18F1F40BEC22E8D93234A40BF5A4F400ED61E407B1A207696D64940
P403,29515,32683,31254.0,,AC,3.8955716,0.434,0,,1790,t,1790,inf,1,2033,40,21648.04469273743,15.5,3,1,1,-inf,inf,380.0,0102000000020000003E5C1AD9FCAB1C402630F33BD5B1494006EE8A2A0D161D403F40F7E5CCA64940,0102000000020000003E5C1AD9FCAB1C402630F33BD5B1494006EE8A2A0D161D403F40F7E5CCA64940
P403,29516,31254,33096.0,,AC,2.3876084000000004,0.266,0,,1790,t,1790,inf,1,2033,40,13268.156424581004,9.5,3,1,1,-inf,inf,380.0,01020000000200000006EE8A2A0D161D403F40F7E5CCA649400D7C6FDCCBEE1C40114C5BFEC29D4940,01020000000200000006EE8A2A0D161D403F40F7E5CCA649400D7C6FDCCBEE1C40114C5BFEC29D4940
P406,29517,7406,7069.0,,AC,2.513272,0.28,0,,1790,t,1790,inf,1,2033,40,13966.480446927371,10.0,3,1,1,-inf,inf,380.0,0102000000020000000A7F2B7EF84E1A400D080841A2E248408B198634CFFE19401DCEFC6A0EDE4840,0102000000020000000A7F2B7EF84E1A400D080841A2E248408B198634CFFE19401DCEFC6A0EDE4840
P408,29518,33500,32720.0,,AC,3.2672536000000005,0.364,0,,1790,t,1790,inf,1,2027,40,18156.424581005587,13.0,3,1,1,-inf,inf,380.0,010200000002000000A1D3210DBF801C40425E8DFE7AB9494027197EB0ADB71C4038607D1271BC4940,010200000002000000A1D3210DBF801C40425E8DFE7AB9494027197EB0ADB71C4038607D1271BC4940
P408,29519,32720,32683.0,,AC,2.7645992,0.308,0,,1790,t,1790,inf,1,2035,40,15363.128491620111,11.0,3,1,1,-inf,inf,380.0,01020000000200000027197EB0ADB71C4038607D1271BC49403E5C1AD9FCAB1C402630F33BD5B14940,01020000000200000027197EB0ADB71C4038607D1271BC49403E5C1AD9FCAB1C402630F33BD5B14940
P408,29520,2710,33500.0,,AC,8.293797600000001,0.924,0,,1790,t,1790,inf,1,2035,40,46089.38547486033,33.0,3,1,1,-inf,inf,380.0,010200000002000000E0FB1BB457C71C40205503835AC74940A1D3210DBF801C40425E8DFE7AB94940,010200000002000000E0FB1BB457C71C40205503835AC74940A1D3210DBF801C40425E8DFE7AB94940
P450,29521,35211,34773.0,,AC,0.82937976,0.0924,0,,1790,t,1790,inf,1,2035,40,4608.938547486033,3.3,3,1,1,-inf,inf,380.0,01020000000200000064CCA353DB3728402257A2F61AA04A40C30B6235F02C284049E2AE7D1FA04A40,01020000000200000064CCA353DB3728402257A2F61AA04A40C30B6235F02C284049E2AE7D1FA04A40
P450,29522,34773,32614.0,,AC,6.96176344,0.7756,0,,1790,t,1790,inf,1,2030,40,38687.150837988826,27.7,3,1,1,-inf,inf,380.0,010200000002000000C30B6235F02C284049E2AE7D1FA04A40B126B8F965B42740F703470F1E8B4A40,010200000002000000C30B6235F02C284049E2AE7D1FA04A40B126B8F965B42740F703470F1E8B4A40
P450,29523,32614,31846.0,,AC,16.8389224,1.876,0,,1790,t,1790,inf,1,2030,40,93575.4189944134,67.0,3,1,1,-inf,inf,380.0,010200000002000000B126B8F965B42740F703470F1E8B4A40334D63EE7B74274097CEED40C9484A40,010200000002000000B126B8F965B42740F703470F1E8B4A40334D63EE7B74274097CEED40C9484A40
P450,29524,31759,35264.0,,AC,9.27397368,1.0332,0,,1790,t,1790,inf,1,2030,40,51536.31284916201,36.9,3,1,1,-inf,inf,380.0,01020000000200000070709471215F2840A5351E9E73E84A40AFF8964B40492A40837E727E2AF44A40,01020000000200000070709471215F2840A5351E9E73E84A40AFF8964B40492A40837E727E2AF44A40
P450,29525,35264,35211.0,,AC,28.92776072,3.2228,0,,1790,t,1790,inf,1,2035,40,160754.18994413406,115.1,3,1,1,-inf,inf,380.0,010200000002000000AFF8964B40492A40837E727E2AF44A4064CCA353DB3728402257A2F61AA04A40,010200000002000000AFF8964B40492A40837E727E2AF44A4064CCA353DB3728402257A2F61AA04A40
P451,29526,31637,34154.0,,AC,5.5291984,0.616,0,,1790,t,1790,inf,1,2035,40,30726.256983240222,22.0,3,1,1,-inf,inf,380.0,010200000002000000494FDD929FF12C4011547269EDC64940FE6B7DE426042D4084446D76F4B44940,010200000002000000494FDD929FF12C4011547269EDC64940FE6B7DE426042D4084446D76F4B44940
P462,29527,31071,31248.0,,AC,2.8399973600000004,0.3164,0,,1790,t,1790,inf,1,2030,40,15782.122905027933,11.3,3,1,1,-inf,inf,380.0,0102000000020000004B8698EB61AB1840F885BC0CAA664940FC388A812334194006CF47AE1A6A4940,0102000000020000004B8698EB61AB1840F885BC0CAA664940FC388A812334194006CF47AE1A6A4940
P462,29528,31248,31290.0,,AC,3.1918554400000003,0.3555999999999999,0,,1790,t,1790,inf,1,2028,40,17737.430167597762,12.7,3,1,1,-inf,inf,380.0,010200000002000000FC388A812334194006CF47AE1A6A49400CAC5DB361DD1840E5D2C745C8744940,010200000002000000FC388A812334194006CF47AE1A6A49400CAC5DB361DD1840E5D2C745C8744940
P464,29529,13049,33004.0,,AC,0.92991064,0.1036,0,,1790,t,1790,inf,1,2028,40,2583.798882681564,3.7,6,1,2,-inf,inf,380.0,0102000000020000004A6018552B301B400F89D6E5EFAA4840F4703EA85B101B40704C8E7417AE4840,0102000000020000004A6018552B301B400F89D6E5EFAA4840F4703EA85B101B40704C8E7417AE4840
P464,29530,33004,32811.0,,AC,0.22619448,0.0252,0,,1790,t,1790,inf,1,2028,40,418.9944134078212,0.9,9,1,3,-inf,inf,380.0,010200000002000000F4703EA85B101B40704C8E7417AE48403B8A9BEFA7051B40D9763F0CB4AE4840,010200000002000000F4703EA85B101B40704C8E7417AE48403B8A9BEFA7051B40D9763F0CB4AE4840
P500,29531,32547,30972.0,,AC,7.414152400000001,0.8260000000000001,0,,1790,t,1790,inf,1,2028,40,41201.11731843576,29.5,3,1,1,-inf,inf,380.0,0102000000020000005E9CC64AEC2D2240851DAEB4F7FB4840DFD322A2678B21406BC81BDABEFC4840,0102000000020000005E9CC64AEC2D2240851DAEB4F7FB4840DFD322A2678B21406BC81BDABEFC4840
P501,29532,32238,33571.0,,AC,6.13238368,0.6832,0,,1790,t,1790,inf,1,2035,40,34078.212290502786,24.4,3,1,1,-inf,inf,380.0,010200000002000000BF5A4F400ED61E407B1A207696D64940B365F8DA0E9D1D40529862BB7DD24940,010200000002000000BF5A4F400ED61E407B1A207696D64940B365F8DA0E9D1D40529862BB7DD24940
P501,29533,33571,31794.0,,AC,2.41274112,0.2688,0,,1790,t,1790,inf,1,2035,40,13407.821229050278,9.6,3,1,1,-inf,inf,380.0,010200000002000000B365F8DA0E9D1D40529862BB7DD2494027592FFD7D691D402DB8D581B4C94940,010200000002000000B365F8DA0E9D1D40529862BB7DD2494027592FFD7D691D402DB8D581B4C94940
P502,29534,31103,31948.0,,AC,2.1362812000000004,0.238,0,,1790,t,1790,inf,1,2035,40,11871.508379888268,8.5,3,1,1,-inf,inf,380.0,0102000000020000001C1CE5B95CDC1A40C8833E726EC34940CB326959E9E31A401FDE04AF69BD4940,0102000000020000001C1CE5B95CDC1A40C8833E726EC34940CB326959E9E31A401FDE04AF69BD4940
P503,29535,31097,33352.0,,AC,5.20247304,0.5796,0,,1790,t,1790,inf,1,2028,40,28910.614525139663,20.7,3,1,1,-inf,inf,380.0,010200000002000000A2E5DFA722B91A409B91F3E6BAD24940DA89ABC2DA261B406E1D1E9D48C44940,010200000002000000A2E5DFA722B91A409B91F3E6BAD24940DA89ABC2DA261B406E1D1E9D48C44940
P503,29536,33352,31103.0,,AC,1.4828304800000005,0.1652,0,,1790,t,1790,inf,1,2035,40,8240.22346368715,5.9,3,1,1,-inf,inf,380.0,010200000002000000DA89ABC2DA261B406E1D1E9D48C449401C1CE5B95CDC1A40C8833E726EC34940,010200000002000000DA89ABC2DA261B406E1D1E9D48C449401C1CE5B95CDC1A40C8833E726EC34940
P504,29537,30904,31350.0,,AC,9.32423912,1.0388000000000002,0,,1790,t,1790,inf,1,2035,40,51815.64245810056,37.1,3,1,1,-inf,inf,380.0,01020000000200000037A88E85CCE31B40A3461771D7654940F2827DF8238C1C4034F4133C4B524940,01020000000200000037A88E85CCE31B40A3461771D7654940F2827DF8238C1C4034F4133C4B524940
P504,29538,31350,34929.0,,AC,10.02795528,1.1172,0,,1790,t,1790,inf,1,2030,40,55726.256983240215,39.9,3,1,1,-inf,inf,380.0,010200000002000000F2827DF8238C1C4034F4133C4B52494063680AE246CC1D403C531C1D86334940,010200000002000000F2827DF8238C1C4034F4133C4B52494063680AE246CC1D403C531C1D86334940
P505,29539,33957,32989.0,,AC,5.5291984,0.616,0,,1790,t,1790,inf,1,2030,40,30726.256983240222,22.0,3,1,1,-inf,inf,380.0,010200000002000000FC3219E976E61940DD256F0B18F6484021DCF7B715D81840AB01E23FB4FA4840,010200000002000000FC3219E976E61940DD256F0B18F6484021DCF7B715D81840AB01E23FB4FA4840
P505,29540,32989,43952.0,,AC,9.198575520000002,1.0248000000000002,0,,1790,t,1790,inf,1,2030,40,51117.31843575419,36.6,3,1,1,-inf,inf,380.0,01020000000200000021DCF7B715D81840AB01E23FB4FA4840F43A3498A485184054D92317B3D64840,01020000000200000021DCF7B715D81840AB01E23FB4FA4840F43A3498A485184054D92317B3D64840
P509,29541,32477,31264.0,,AC,15.079632000000002,1.68,0,,1790,t,1790,inf,1,2030,40,83798.88268156424,60.0,3,1,1,-inf,inf,380.0,01020000000200000040FB0BCCAF21204083583E2C0734494031518B61D12621400194278F5F114940,01020000000200000040FB0BCCAF21204083583E2C0734494031518B61D12621400194278F5F114940
P509,29542,31264,32082.0,,AC,2.513272,0.28,0,,1790,t,1790,inf,1,2040,40,13966.480446927371,10.0,3,1,1,-inf,inf,380.0,01020000000200000031518B61D12621400194278F5F11494077D84EFA8AF120409DEF04FD740C4940,01020000000200000031518B61D12621400194278F5F11494077D84EFA8AF120409DEF04FD740C4940
P528,29543,31603,34958.0,,AC,14.828304800000002,1.652,0,,1790,t,1790,inf,1,2040,40,82402.23463687151,59.0,3,1,1,-inf,inf,380.0,01020000000200000060D482460ACA274058F17C1A09B449406BAC91B3C2AC28401574634236994940,01020000000200000060D482460ACA274058F17C1A09B449406BAC91B3C2AC28401574634236994940
P531,29544,31549,473.0,,AC,4.448491440000001,0.4956,0,,1790,t,1790,inf,1,2040,40,12360.335195530724,17.7,6,1,2,-inf,inf,380.0,010200000002000000CA4D0CB0D89C2A40AD0709888B1D4A40B20AE58E48DD2A4029CD8BB8A52C4A40,010200000002000000CA4D0CB0D89C2A40AD0709888B1D4A40B20AE58E48DD2A4029CD8BB8A52C4A40
P531,29545,473,32006.0,,AC,1.83468856,0.2044,0,,1790,t,1790,inf,1,2035,40,5097.765363128491,7.3,6,1,2,-inf,inf,380.0,010200000002000000B20AE58E48DD2A4029CD8BB8A52C4A40B34A5BC74CFA2A4004951BB771324A40,010200000002000000B20AE58E48DD2A4029CD8BB8A52C4A40B34A5BC74CFA2A4004951BB771324A40
P531,29546,473,31383.0,,AC,2.2368120800000004,0.2492,0,,1790,t,1790,inf,1,2035,40,6215.083798882682,8.9,6,1,2,-inf,inf,380.0,010200000002000000B20AE58E48DD2A4029CD8BB8A52C4A40C7A042BFBF9E2A408E55BA5C41364A40,010200000002000000B20AE58E48DD2A4029CD8BB8A52C4A40C7A042BFBF9E2A408E55BA5C41364A40
P531,29547,31383,31643.0,,AC,2.7897319200000004,0.3108,0,,1790,t,1790,inf,1,2035,40,7751.396648044692,11.1,6,1,2,-inf,inf,380.0,010200000002000000C7A042BFBF9E2A408E55BA5C41364A401C7DF725C0BC2A4022D8392367404A40,010200000002000000C7A042BFBF9E2A408E55BA5C41364A401C7DF725C0BC2A4022D8392367404A40
P531,29548,35247,31041.0,,AC,2.5384047200000004,0.2828,0,,1790,t,1790,inf,1,2035,40,14106.145251396649,10.1,3,1,1,-inf,inf,380.0,0102000000020000002B15746EBAFD2A40C0A37DB7824B4A4066DD9A805BB32A4095CB4133D5444A40,0102000000020000002B15746EBAFD2A40C0A37DB7824B4A4066DD9A805BB32A4095CB4133D5444A40
P531,29549,31041,32291.0,,AC,1.98548488,0.2212,0,,1790,t,1790,inf,1,2035,40,11033.519553072623,7.9,3,1,1,-inf,inf,380.0,01020000000200000066DD9A805BB32A4095CB4133D5444A409926B4E7807F2A40A457914A0C444A40,01020000000200000066DD9A805BB32A4095CB4133D5444A409926B4E7807F2A40A457914A0C444A40
