scn_name,line_id,bus0,bus1,type,carrier,x,r,g,b,s_nom,s_nom_extendable,s_nom_min,s_nom_max,s_max_pu,build_year,lifetime,capital_cost,length,cables,terrain_factor,num_parallel,v_ang_min,v_ang_max,v_nom,geom,topo,Project,Project_id,Startpoint,subst_name0,matching1%,matching2%,Coordinate0,Endpoint,subst_name1,Coordinate1,Voltage,s_nom.1,NOVA-Type,Comments,Coordinate1.1,Unnamed: 45,Unnamed: 46,Unnamed: 47,subst_name0.1
50HzT-003,29301,,,,AC,,,,,,,,,1,2022.0,40,,,3.0,,,,,,,,EnLAG,3,Umspannwerk Neuenhagen,,,,8.735135796743075 50.159191553758134,Vierraden,,14.268068804447122 53.09805938715533,72.68764266,380,,"Errichtung einer Leitung: Neubau in neuer Trasse;
Errichtung einer Lei-
tung: Ersatzneubau",14.268068804447122 53.09805938715533,14.268068804447122 53.09805938715533,,,Umspannwerk Zell
50HzT-003,29302,34267.0,33532.0,,AC,,,,,,,,,1,2022.0,40,,684.5110037144051,3.0,,,,,,,,EnLAG,3,Vierraden,Vierraden,100.0,72.22,14.268068804447122 53.09805938715533,Umspannwerk Bertikow,Umspannwerk Zell,10.024504210738638 47.57320970527648,26.95832782,380,,"Errichtung einer Leitung: Neubau in neuer Trasse;
Errichtung einer Lei-
tung: Ersatzneubau",13.957017873623581 53.25217590677972,13.957017873623581 53.25217590677972,,,Umspannwerk Zell
50HzT-007,29303,,,,AC,,,,,,,,,1,2023.0,40,,,3.0,,,,,,,,EnLAG,11,Umspannwerk Neuenhagen,,,,8.735135796743075 50.159191553758134,Wustemark,,12.94304061364577 52.56256564446307,52.10015179,380,,"Errichtung einer Leitung: Neubau in neuer Trasse;
Errichtung einer Lei-
tung: Ersatzneubau",12.94304061364577 52.56256564446307,12.94304061364577 52.56256564446307,,,Umspannwerk Zell
50HzT-P33,29304,,,,AC,,,,,,,,,1,2022.0,40,,,3.0,,,,,,,,BBPIG,10,Umspannwerk Wolmirstedt,,,,8.735135796743075 50.159191553758134,Umspannwerk Helmstedt,,8.735135796743075 50.159191553758134,44.44590563,380,2366.6MVA,Änderung oder Erweiterung einer Leitung: Zu- oder Umbeseilung,10.999333070802122 52.20014201370701,10.999333070802122 52.20014201370701,,,Umspannwerk Zell
50HzT-P34,29305,,,,AC,,,,,,,,,1,2026.0,40,,,,,,,,,,,BBPIG,39,Umspannwerk Perleberg,,,,8.735135796743075 50.159191553758134,Umspannwerk Stendal West,,8.735135796743075 50.159191553758134,58.18453088,380,,Errichtung einer Lei- tung: Ersatzneubau,11.72690204499007 52.56955253076913,11.72690204499007 52.56955253076913,,,Umspannwerk Zell
50HzT-P34,29306,,,,AC,,,,,,,,,1,2026.0,40,,,,,,,,,,,BBPIG,39,Umspannwerk Stendal West,,,,8.735135796743075 50.159191553758134,Umspannwerk Wolmirstedt,,8.735135796743075 50.159191553758134,92.13603729,380,,Errichtung einer Lei- tung: Ersatzneubau,11.6401668419024 52.26899390911886,11.6401668419024 52.26899390911886,,,Umspannwerk Zell
50HzT-P34,29307,,,,AC,,,,,,,,,1,2026.0,40,,,,,,,,,,,BBPIG,39,Umspannwerk Parchim,,,,8.735135796743075 50.159191553758134,Umspannwerk Perleberg,,8.735135796743075 50.159191553758134,58.18453088,380,,Errichtung einer Lei- tung: Ersatzneubau,11.852340511063945 53.08685484855226,11.852340511063945 53.08685484855226,,,Umspannwerk Zell
50HzT-P34,29308,34884.0,34342.0,,AC,,,,,,,,,1,2026.0,40,,319.8476564384122,,,,,,,,,BBPIG,39,Güstrow,Umspannstation Güstrow Umweltpark,35.0,52.17,12.20669507272273 53.793518103553104,Parchim / Süd,Weimar/Süd,11.356230191588548 50.966565847458064,48.63425589,380,,Errichtung einer Lei- tung: Ersatzneubau,11.8128737230406 53.42460616868441,11.8128737230406 53.42460616868441,,,Umspannwerk Parchim
50HzT-P36,29309,,,,AC,,,,,,,,,1,2025.0,40,,,,,,,,,,,BBPIG,11,Umspannwerk Bertikow,,,,8.735135796743075 50.159191553758134,Pasewalk,,14.033684493013668 53.507523103743004,124.9265491,380,,Errichtung einer Lei- tung: Ersatzneubau,14.033684493013668 53.507523103743004,14.033684493013668 53.507523103743004,,,Umspannwerk Zell
50HzT-P38,29310,,,,AC,,,,,,,,,1,2025.0,40,,,,,,,,,,,BBPIG,13,Umspannwerk Pulgar,,,,8.735135796743075 50.159191553758134,Geußnitz (Abschnitt Ost),,,380.0,,Änderung oder Erweiterung einer Leitung: Zu- oder Umbeseilung,Umbeseilung:HTLS,,,,,Umspannwerk Zell
50HzT-P38,29311,,,,AC,,,,,,,,,1,2025.0,40,,,,,,,,,,,BBPIG,13,Geußnitz,,,,7.117102815005979 49.321741042209574,Bad Sulza (Abschnitt Mitte),,,380.0,,Errichtung einer Lei- tung: Ersatzneubau,,,,,,Umspannwerk Sebnitz
50HzT-P38,29312,,,,AC,,,,,,,,,1,2025.0,40,,,,,,,,,,,BBPIG,13,Bad Sulza,,,,6.21102034998242 49.95862577949023,Vieselbach (Abschnitt West),,11.12324628496046 50.99837545149305,75.62134758,380,,Errichtung einer Lei- tung: Ersatzneubau,10.291142563091611 50.97937435424922,10.291142563091611 50.97937435424922,,,Eisenach/West
50HzT-P39,29313,30952.0,33517.0,,AC,,,,,,,,,1,2026.0,40,,279.4266436717109,,,,,,,,,BBPIG,14,Röhrsdorf,Umspannwerk Röhrsdorf,60.0,35.0,12.815082479900909 50.85868947882309,Weida (Abschnitt Ost),Umspannwerk Weidach,13.331032449999999 48.368797649848425,279.4266437,380,,Errichtung einer Lei- tung: Ersatzneubau,13.331032449999999 48.368797649848425,13.331032449999999 48.368797649848425,,,Umspannwerk Weidach
50HzT-P39,29314,,,,AC,,,,,,,,,1,2026.0,40,,,,,,,,,,,BBPIG,14,Umspannwerk Weida,,,,8.735135796743075 50.159191553758134,Remptendorf (Abschnitt West),,11.646368322793366 50.53487799518581,39.31629321,380,,Errichtung einer Lei- tung: Ersatzneubau,11.646368322793366 50.53487799518581,11.646368322793366 50.53487799518581,,,Remptendorf
50HzT- P180,29315,,,,AC,,,,,,,,,1,2030.0,40,,,6.0,,,,,,,,,,Umspannwerk Marzahn,,,,8.735135796743075 50.159191553758134,Umspannwerk Teufelsbruch,,8.735135796743075 50.159191553758134,21.77882628,380,,Errichtung einer Lei- tung: Ersatzneubau,13.211527686000428 52.58062783766221,13.211527686000428 52.58062783766221,,,Umspannwerk Zell
50HzT- P180,29316,31678.0,32172.0,,AC,,,,,,,,,1,2030.0,40,,319.67287874926046,6.0,,,,,,,,,,Friedrichshain,Friedrichshain,100.0,50.0,13.456433133865078 52.52145796286808,Mitte,Rendsburg Mitte,9.691483676270511 54.30880075556864,319.6728787,380,,Errichtung einer Lei- tung: Ersatzneubau,9.691483676270511 54.30880075556864,9.691483676270511 54.30880075556864,,,Rendsburg Mitte
50HzT- P180,29317,32172.0,33532.0,,AC,,,,,,,,,1,2030.0,40,,749.6767234216827,6.0,,,,,,,,,,Mitte,Rendsburg Mitte,50.0,61.9,9.691483676270511 54.30880075556864,Umspannwerk Charlottenburg,Umspannwerk Zell,10.024504210738638 47.57320970527648,312.3573401,380,,Errichtung einer Lei- tung: Ersatzneubau,13.315515912071856 52.52199939367935,13.315515912071856 52.52199939367935,,,Umspannwerk Charlottenburg
50HzT- P180,29318,,,,AC,,,,,,,,,1,2030.0,40,,,6.0,,,,,,,,,,Umspannwerk Charlottenburg,,,,8.735135796743075 50.159191553758134,Umspannwerk Reuter,,8.735135796743075 50.159191553758134,4.637691689,380,,Errichtung einer Lei- tung: Ersatzneubau,13.249030342808782 52.53162510010523,13.249030342808782 52.53162510010523,,,Umspannwerk Zell
50HzT- P213,29319,,,,AC,,,,,,,,,1,2035.0,40,,,6.0,,,,,,,,EnLAG,12,DE,,,,12.36809780440618 51.327840038047846,PL,,7.089754759373973 52.07820926549395,374.2366457,380,,Errichtung einer Leitung: Neubau in neuer Trasse,7.089754759373973 52.07820926549395,7.089754759373973 52.07820926549395,,,Station Schöppingen WP
50HzT- P213,29320,,,,AC,,,,,,,,,1,2035.0,40,,,,,,,,,,,EnLAG,12,Umspannwerk Eisenhüttenstadt,,,,14.603938187245118 52.174864548479,Umspannwerk Eisenhüttenstadt,,14.603938187245118 52.174864548479,0.0,380,,Errichtung einer Leitung: Neubau in neuer Trasse,14.603938187245118 52.174864548479,14.603938187245118 52.174864548479,,,Umspannwerk Eisenhüttenstadt
50HzT- P221,29321,,,,DC,,,,,,,,,1,2026.0,40,,,,,,,,,,,BBP,69,DC-Kabel Hansa PowerBridge (HPB),,,,,,,9.113284847390235 52.54385184852183,427.1633221,380,700MW,Errichtung einer Leitung: Neubau in neuer Trasse,11.761256573490533 48.78931766794723,11.761256573490533 48.78931766794723,,,Umspannwerk Neustadt an der Donau
50HzT- P450,29322,,,,AC,,,,,,,,,1,2022.0,40,,,,,,,,,,,BBP,61,Umspannwerk Ragow,,,,8.735135796743075 50.159191553758134,Streumen,,13.38336317738044 51.355589851528315,68.12348115,,,horizontal,13.38336317738044 51.355589851528315,13.38336317738044 51.355589851528315,,,Umspannwerk Zell
AMP-001,29323,31853.0,31026.0,,AC,,,,,,,,,1,2023.0,40,,111.09243082168771,12.0,,,,,,,,EnLAG,2,Wehrendorf,Wehrendorf,100.0,50.0,8.307757038447726 52.34563570215149,Punkt Lemförde,Conneforde,8.052813201940419 53.33191378148668,111.0924308,380,2629.6MVA,Errichtung einer Lei- tung: Ersatzneubau,8.052813201940419 53.33191378148668, Stromtragfähigkeit 4000A,8.052813201940419 53.33191378148668,,Conneforde
AMP-001,29324,,,,AC,,,,,,,,,1,2023.0,40,,,,,,,,,,,EnLAG,2,Punkt Lemförde,,,,8.052813201940419 53.33191378148668,Station Sankt Hülfe,,6.683107022192082 51.57564552523084,30.02784023,380,2629.6MVA,Errichtung einer Lei- tung: Ersatzneubau,8.403502360406835 52.60907601124505,8.403502360406835 52.60907601124505,,,Station Bochum
AMP-009,29325,,,,AC,,,,,,,,,1,2027.0,40,,,3.0,,,,,,,,EnLAG,5,Station Niederrhein,,,,6.6807962637334715 51.646328801088394,Wettringen,,8.98950736865504 50.060279806392764,447.2909313,380,,Errichtung einer Lei- tung: Ersatzneubau,10.693667277100568 48.56099494564423,10.693667277100568 48.56099494564423,,,Station Niederrhein
AMP-009,29326,,,,AC,,,,,,,,,1,2027.0,40,,,3.0,,,,,,,,EnLAG,5,Station Niederrhein,,,,6.6807962637334715 51.646328801088394,Wettringen (Kabel),,6.65673525925894 51.379523660262194,384.1271665,380,,Errichtung einer Lei- tung: Ersatzneubau,9.400581833297963 48.66696738721869,9.400581833297963 48.66696738721869,,,Umspannwerk Wendlingen
AMP-009,29327,,,,AC,,,,,,,,,1,2027.0,40,,,3.0,,,,,,,,EnLAG,5,Umspannwerk Wertingen,,,,8.735135796743075 50.159191553758134,Meppen,,7.277153959089187 52.75324261801293,129.7399493,380,,Errichtung einer Leitung: Neubau in neuer Trasse,7.277153959089187 52.75324261801293,7.277153959089187 52.75324261801293,,,Umspannwerk Zell
AMP-010,29328,,,,AC,,,,,,,,,1,2021.0,40,,,3.0,,,,,,,,EnLAG,"16,18",Gaste,,,,14.471920575633378 51.55412023622933,Lüstringen,,8.104639054942613 52.26510433337879,451.1881599,380,,Änderung oder Erweiterung einer Leitung: Zu- oder Umbeseilung,8.104639054942613 52.26510433337879,8.104639054942613 52.26510433337879,,,Graustein
AMP-010,29329,32037.0,31853.0,,AC,,,,,,,,,1,2021.0,40,,16.49998089503246,3.0,,,,,,,,EnLAG,"16,18",Lüstringen,Lüstringen,100.0,100.0,8.104639054942613 52.26510433337879,Wehrendorf,Wehrendorf,8.307757038447726 52.34563570215149,16.4999809,380,,Errichtung einer Lei- tung: Ersatzneubau,8.307757038447726 52.34563570215149,8.307757038447726 52.34563570215149,,,Wehrendorf
AMP-010,29330,32037.0,33050.0,,AC,,,,,,,,,1,2021.0,40,,108.994820472612,3.0,,,,,,,,EnLAG,16.18,Lüstringen,Lüstringen,100.0,55.17,8.104639054942613 52.26510433337879,Station Hesseln,Station Bochum,7.221399400000001 51.45235824917898,26.58031477,380,,Errichtung einer Lei- tung: Ersatzneubau,8.319013268377837 52.06589206021646,8.319013268377837 52.06589206021646,,,Station Bochum
AMP-010,29331,,,,AC,,,,,,,,,1,2021.0,40,,,3.0,,,,,,,,EnLAG,"16,18",Station Hesseln,,,,6.683107022192082 51.57564552523084,Gütersloh,,9.390175306207366 52.02668689009703,343.6877605,380,,Errichtung einer Lei- tung: Ersatzneubau,13.307313467836156 52.493747124416,13.307313467836156 52.493747124416,,,Umspannwerk Münstersche Straße
AMP-014,29332,,,,AC,,,,,,,,,1,2021.0,40,,,3.0,,,,,,,,EnLAG,"14,15",Punkt Fellerhöfe,,,,11.599121468341334 49.39431927215067,Station St. Tönis,,6.683107022192082 51.57564552523084,420.2967431,380,,Errichtung einer Lei- tung: Ersatzneubau,6.518713830813268 51.32384889536959,6.518713830813268 51.32384889536959,,,Station Bochum
AMP-014,29333,,,,AC,,,,,,,,,1,2021.0,40,,,3.0,,,,,,,,EnLAG,"14,15",Station St. Tönis,,,,6.683107022192082 51.57564552523084,Punkt Hüls-West,,10.633479541568006 50.60563609595998,299.8586707,380,,Errichtung einer Lei- tung: Ersatzneubau,10.633479541568006 50.60563609595998,10.633479541568006 50.60563609595998,,,Suhl/West
AMP-014,29334,,,,AC,,,,,,,,,1,2021.0,40,,,3.0,,,,,,,,EnLAG,"14,15",Station Utfort,,,,6.683107022192082 51.57564552523084,Punkt Hüls-West,,10.633479541568006 50.60563609595998,297.8105822,380,,Errichtung einer Lei- tung: Ersatzneubau,10.633479541568006 50.60563609595998,10.633479541568006 50.60563609595998,,,Suhl/West
AMP-014,29335,,,,AC,,,,,,,,,1,2021.0,40,,,3.0,,,,,,,,EnLAG,"14,15",Station Osterath,,,,6.683107022192082 51.57564552523084,Station Gohrpunkt,,6.709755946799809 51.09093247123397,19.76841319,380,,Errichtung einer Lei- tung: Ersatzneubau,6.709755946799809 51.09093247123397,6.709755946799809 51.09093247123397,,,Station Gohrpunkt
AMP-014,29336,,,,AC,,,,,,,,,1,2021.0,40,,,3.0,,,,,,,,EnLAG,"14,15",Station Gohrpunkt,,,,6.709755946799809 51.09093247123397,Umspannwerk Rommerskirchen,,6.702194950358541 51.00886012106785,9.145866817,380,,Errichtung einer Lei- tung: Ersatzneubau,6.702194950358541 51.00886012106785,6.702194950358541 51.00886012106785,,,Station Gohrpunkt
AMP-014,29337,,,,AC,,,,,,,,,1,2021.0,40,,,3.0,,,,,,,,EnLAG,"14,15",Station Utfort,,,,6.683107022192082 51.57564552523084,Station Osterath,,6.683107022192082 51.57564552523084,19.76841319,380,,Errichtung einer Lei- tung: Ersatzneubau,6.625829004351699 51.26061129731316,6.625829004351699 51.26061129731316,,,Station Bochum
AMP-014,29338,,,,AC,,,,,,,,,1,2021.0,40,,,3.0,,,,,,,,EnLAG,"14,15",220 kV-Umspannwerk Birkenfeld,,,,8.248729079824315 48.84631655943378,Gellep,,6.683107022192082 51.57564552523084,143.7074775,380,,Errichtung einer Lei- tung: Ersatzneubau,8.332454974532505 52.21038338865864,8.332454974532505 52.21038338865864,,,Melle
AMP-018,29339,,,,AC,,,,,,,,,1,2024.0,40,,,3.0,,,,,,,,15,15,Umspannwerk Rommerskirchen,,,,6.702194950358541 51.00886012106785,Station Sechtem,,6.683107022192082 51.57564552523084,30.39897351,380,,Errichtung einer Lei- tung: Ersatzneubau,6.972459875900362 50.79563726078529,6.972459875900362 50.79563726078529,,,Station Bochum
AMP-022,29340,,,,AC,,,,,,,,,1,2025.0,40,,,3.0,,,,,,,,EnLAG,19,Station Kruckel,,,,6.683107022192082 51.57564552523084,Ochsenkopf,,6.926758989258765 51.49920569585058,116.9763711,380,,Errichtung einer Lei- tung: Ersatzneubau,9.098784671335956 51.512074576244466,9.098784671335956 51.512074576244466,,,Ossendorf
AMP-022,29341,,,,AC,,,,,,,,,1,2025.0,40,,,3.0,,,,,,,,EnLAG,19,Ochsenkopf ,,,,9.098784671335956 51.512074576244466,Dauersberg,,7.863758842197247 50.76808852633666,82.80228124,380,,Errichtung einer Lei- tung: Ersatzneubau,7.863758842197247 50.76808852633666,7.863758842197247 50.76808852633666,,,Ossendorf
AMP-028,29342,,,,AC,,,,,,,,,1,2021.0,40,,,3.0,,,,,,,,,,Station Wanne,,,,6.683107022192082 51.57564552523084,Günnigfeld,,7.505971563875505 51.40160535798426,146.7978959,380,,Änderung oder Erweiterung einer Leitung: Zu- oder Umbeseilung,7.5453360311890005 50.262711353062706,7.5453360311890005 50.262711353062706,,,Station Hünenfeld
AMP-028,29343,,,,AC,,,,,,,,,1,2021.0,40,,,3.0,,,,,,,,,,Emscherbruch,,,,11.004916950000002 50.50741499934261,Emscherbruch,,11.004916950000002 50.50741499934261,0.0,380,,für Dritte,6.506614008567626 51.19848427756595,6.506614008567626 51.19848427756595,,,Korschenbroich
AMP-032,29344,,,,AC,,,,,,,,,1,2030.0,40,,,3.0,,,,,,,,EnLAG,14,Station Niederrhein,,,,6.6807962637334715 51.646328801088394,Station Utfort,,6.683107022192082 51.57564552523084,19.47467006,380,,Errichtung einer Lei- tung: Ersatzneubau,6.617199413011056 51.47583728028681,6.617199413011056 51.47583728028681,,,Station Bochum
AMP-P21,29345,,,,AC,,,,,,,,,1,2027.0,40,,,,,,,,,,,BBPIG,6,Regelzonengrenze TTG/AMP,,,,,Merzen,,13.524113150563279 52.53579367759632,455.0565554,380,,Errichtung einer Leitung: Neubau in neuer Trasse,8.861525797588994 47.80643535471784,8.861525797588994 47.80643535471784,,,Beuren
AMP-P41,29346,,,,AC,,,,,,,,,1,2024.0,40,,,,,,,,,,,BBPIG,15,Umspannwerk Mitterteich,,,,8.735135796743075 50.159191553758134,Station Niederstedem,,6.475062982714686 49.92260878493446,192.3016181,380,,Errichtung einer Lei- tung: Ersatzneubau,6.475062982714686 49.92260878493446,6.475062982714686 49.92260878493446,,,Umspannwerk Zell
AMP-P47,29347,,,,AC,,,,,,,,,1,2025.0,40,,,,,,,,,,,BBPIG,19,Umspannwerk Urberach,,,,8.735135796743075 50.159191553758134,"Pfungstadt
",,8.588596431598917 49.815633721588135,22.06139888,380,,"Errichtung einer Leitung: Neubau in neuer Trasse; Errichtung einer
Leitung: Ersatzneu- bau; Änderung oder Erweiterung einer Leitung: Zu- oder Umbeseilung",8.588596431598917 49.815633721588135,8.588596431598917 49.815633721588135,,,Umspannwerk Zell
AMP-P47,29348,33804.0,33532.0,,AC,,,,,,,,,1,2025.0,40,,270.8330792470084,,,,,,,,,BBPIG,19,"Pfungstadt
",Umspannanlage Pfungstadt,55.56,72.22,8.588596431598917 49.815633721588135,Umspannwerk Weinheim,Umspannwerk Zell,10.024504210738638 47.57320970527648,49.06439316,380,,"Errichtung einer Leitung: Neubau in neuer Trasse; Errichtung einer
Leitung: Ersatzneu- bau; Änderung oder Erweiterung einer Leitung: Zu- oder Umbeseilung",8.626963252122508 49.543605582041856,8.626963252122508 49.543605582041856,,,Umspannwerk Zell
AMP-P47a,29349,,,,AC,,,,,,,,,1,2024.0,40,,,,,,,,,,,BBPIG,76,Umspannwerk Kriftel,,,,8.735135796743075 50.159191553758134,Umspannwerk Marxheim,,8.735135796743075 50.159191553758134,5.000891872,380,,Errichtung einer Leitung: Ersatzneu- bau,8.435170664910492 50.05902070303217,,8.435170664910492 50.05902070303217,,Umspannwerk Zell
AMP-P47a,29350,,,,AC,,,,,,,,,1,2024.0,40,,,,,,,,,,,BBPIG,76,Umspannwerk Hattersheim,,,,8.735135796743075 50.159191553758134, Farbwerke Höchst-Süd,,9.109021413843367 54.37336850386463,480.1752882,380,,Leitungsneubau in bestehender 110kV-Trasse,9.109021413843367 54.37336850386463,9.109021413843367 54.37336850386463,,,Friedrichstadt
AMP-P52,29351,,,,AC,,,,,,,,,1,2024.0,40,,,,,,,,,,,BBPIG,24,Rommelsbach,,,,6.702194950358541 51.00886012106785,Umspannwerk Herbertingen,,8.735135796743075 50.159191553758134,233.4046835,380,,Errichtung einer Lei- tung: Ersatzneubau,9.425344076806475 48.06443972503238,9.425344076806475 48.06443972503238,,,Umspannwerk Zell
AMP-P52,29352,,,,AC,,,,,,,,,1,2024.0,40,,,,,,,,,,,BBPIG,25,Wullenstetten,,,,11.6401668419024 52.26899390911886,Niederwangen,,7.194564904714311 52.86984106475365,207.3573247,380,,Änderung oder Erweiterung einer Leitung: Zu- oder Umbeseilung,7.194564904714311 52.86984106475365,7.194564904714311 52.86984106475365,,,110kV-Umspannwerk Achstetten
AMP-P154,29353,,,,AC,,,,,,,,,1,2023.0,40,,,3.0,,,,,,,,,,Station Siegburg,,,,6.683107022192082 51.57564552523084,Station Siegburg,,6.683107022192082 51.57564552523084,0.0,380,,Errichtung einer Leitung: Neubau in neuer Trasse,7.1924101684630415 50.798900164895514,7.1924101684630415 50.798900164895514,,,Station Bochum
AMP-P310,29354,,,,AC,,,,,,,,,1,2025.0,40,,,,,,,,,,,,,Station Bürstadt,,,,6.683107022192082 51.57564552523084,Kühmoos,,7.958075914315599 47.59547794527875,229.1936377,380,,Errichtung einer Leitung: Ersatzneu- bau,7.958075914315599 47.59547794527875,HTLS Umbeseilung, Spannungsumstellung ,7.958075914315599 47.59547794527875,Station Bochum
AMP-P310,29355,,,,AC,,,,,,,,,1,2025.0,40,,,3.0,,,,,,,,,,Draxlanden,,,,8.313340225406092 49.0090434723512,Kühmoos,,7.958075914315599 47.59547794527875,229.1936377,380,,Errichtung einer Leitung: Ersatzneu- bau,7.958075914315599 47.59547794527875,Zubeseilung,7.958075914315599 47.59547794527875,,Karlsruhe-Daxlanden
AMP-P460,29356,,,,AC,,,,,,,,,1,2024.0,40,,,,,,,,,,,,,Station Büscherhof,,,,6.926758989258765 51.49920569585058,Station Büscherhof,,6.926758989258765 51.49920569585058,0.0,380,,"Änderung oder Erweiterung einer Leitung: Zu- oder
Umbeseilung",6.926758989258765 51.49920569585058, beantragung der kapazitätseröhung auf 400MVA,6.926758989258765 51.49920569585058,,Station Büscherhof
TTG-006,29357,,,,AC,,,,,,,,,1,2024.0,40,,,6.0,,,,,,,,EnLAG,6,Wahle 380 kV,,,,10.365338662586142 52.28466156477866,Mecklar,,9.746026530326525 50.9174270688464,158.052853,380,,Errichtung einer Leitung: Neubau in neuer Trasse,9.746026530326525 50.9174270688464,9.746026530326525 50.9174270688464,,,Umspannwerk Walzwerk (UWWW)
TTG-007,29358,,,,AC,,,,,,,,,1,2024.0,40,,,6.0,,,,,,,,EnLAG,5,Dörpen / West,,,,7.256250263683292 52.98145861782307,Niederrhein (Punkt Meppen),,6.6807962637334715 51.646328801088394,326.868835,380,2366.6MVA,Errichtung einer Leitung: Neubau in neuer Trasse,7.79232558177691 49.81051622941055,7.79232558177691 49.81051622941055,,,Umspannwerk Niederhausen
TTG-009,29359,31114.0,31825.0,,AC,,,,,,,,,1,2023.0,40,,48.282871485606805,6.0,,,,,,,,EnLAG,2,Ganderkesee,Ganderkesee,100.0,57.14,8.563991876746766 53.03191782682749,St. Hülfe,Station Sankt Hülfe,8.403502360406835 52.60907601124505,48.28287149,380,2629.6MVA,Errichtung einer Leitung: Neubau in neuer Trasse,8.403502360406835 52.60907601124505,8.403502360406835 52.60907601124505,,,Station Sankt Hülfe
TTG-P21,29360,31026.0,33811.0,,AC,,,,,,,,,1,2026.0,40,,308.3182493944249,6.0,,,,,,,,,,Conneforde,Conneforde,100.0,57.14,8.052813201940419 53.33191378148668,Garrel/ Ost,Gießen/Ost,8.733842111542375 50.593013926201564,40.95246964,380,2629.6MVA,Errichtung einer Lei- tung: Ersatzneubau,8.027258408033157 52.96425173221768,8.027258408033157 52.96425173221768,,,Garrel
TTG-P21,29361,,,,AC,,,,,,,,,1,2026.0,40,,,6.0,,,,,,,,,,Garrel/ Ost,,,,10.15820424005784 53.555410330604104,Cappeln/West,,9.522576021806701 52.36040907486085,164.2262162,380,2629.6MVA,Errichtung einer Lei- tung: Ersatzneubau,10.215210716152301 52.326193145237504,10.215210716152301 52.326193145237504,,,Peine/West
TTG-P21,29362,,,,AC,,,,,,,,,1,2026.0,40,,,6.0,,,,,,,,,,Cappeln/West,,,,9.522576021806701 52.36040907486085,Regel- zonengrenze TTG/AMP,,,380.0,,Errichtung einer Leitung: Neubau in neuer Trasse,,,,,,Peine/West
TTG-P24,29363,,,,AC,,,,,,,,,1,2026.0,40,,,6.0,,,,,,,,BBP,7,Umspannwerk Stade-West,,,,8.735135796743075 50.159191553758134,Dollern,,9.501790032393501 53.54281468005007,143.6364981,380,2629.6MVA,Errichtung einer Lei- tung: Ersatzneubau,9.501790032393501 53.54281468005007,9.501790032393501 53.54281468005007,,,Umspannwerk Zell
TTG-P24,29364,31117.0,33494.0,,AC,,,,,,,,,1,2026.0,40,,50.62139369066787,6.0,,,,,,,,BBP,7,Dollern,Dollern,100.0,100.0,9.501790032393501 53.54281468005007,Sottrum,Sottrum,9.249511097600784 53.11377011761198,50.62139369,380,2629.6MVA,Errichtung einer Lei- tung: Ersatzneubau,9.249511097600784 53.11377011761198,9.249511097600784 53.11377011761198,,,Sottrum
TTG-P24,29365,33494.0,,,AC,,,,,,,,,1,2026.0,40,,,6.0,,,,,,,,BBP,7,Sottrum,Sottrum,100.0,,9.249511097600784 53.11377011761198,Mehringen (Grafschaft Hoya),,,380.0,2629.6MVA,Errichtung einer Lei- tung: Ersatzneubau,Stromtragfähigkeit 4000A,,,,,Sottrum
TTG-P24,29366,,,,AC,,,,,,,,,1,2026.0,40,,,6.0,,,,,,,,BBP,7,Mehringen (Grafschaft Hoya),,,,,Wasserkraftwerk Landesbergen,,9.125265746125436 52.53826407418714,60.43785797,380,2629.6MVA,Errichtung einer Lei- tung: Ersatzneubau,9.108750523657129 52.577399355419985,9.108750523657129 52.577399355419985,,,Wasserkraftwerk Landesbergen
TTG-P25,29367,,,,AC,,,,,,,,,1,2023.0,40,,,6.0,,,,,,,,BBP,8,Umspannwerk Heide-West,,,,8.735135796743075 50.159191553758134,UW Husum Nord,,9.07855723752111 54.5106695274633,38.83082567,380,2629.6MVA,Errichtung einer Leitung: Neubau in neuer Trasse,9.07855723752111 54.5106695274633,9.07855723752111 54.5106695274633,,,UW Husum Nord
TTG-P25,29368,,,,AC,,,,,,,,,1,2023.0,40,,,6.0,,,,,,,,BBP,8,UW Husum Nord,,,,9.07855723752111 54.5106695274633,Klixbüll/Süd,,10.156282508555906 54.27554827511158,74.73651258,380,2366.6MVA,Errichtung einer Leitung: Neubau in neuer Trasse,10.156282508555906 54.27554827511158,10.156282508555906 54.27554827511158,,,UW Husum Nord
TTG-P25,29369,,,,AC,,,,,,,,,1,2023.0,40,,,6.0,,,,,,,,BBP,8,Klixbüll/Süd,,,,10.156282508555906 54.27554827511158,Bundesgrenze DK,,10.16030331266777 49.98915674945729,672.7956911,380,2366.6MVA,Errichtung einer Leitung: Neubau in neuer Trasse,9.63693893238769 48.23684832839326,9.63693893238769 48.23684832839326,,,110kV-Umspannwerk Munderkingen
TTG-P33,29370,,,,AC,,,,,,,,,1,2025.0,40,,,6.0,,,,,,,,BBP,10,Wahle 380 kV,,,,10.365338662586142 52.28466156477866,Landesgrenze NI/ST (Mast 6),,,380.0,2629.6MVA,Änderung oder Erweiterung einer Leitung: Zu- oder Umbeseilung,Zu oder Umbeseilung auf HTL/ 4000A,,,,,Umspannwerk Walzwerk (UWWW)
TTG-P33,29371,,,,AC,,,,,,,,,1,2025.0,40,,,6.0,,,,,,,,BBP,10,Umspannwerk Hattorf,,,,8.735135796743075 50.159191553758134,Umspannwerk Helmstedt,,8.735135796743075 50.159191553758134,44.31517871,380,2629.6MVA,Änderung oder Erweiterung einer Leitung: Zu- oder Umbeseilung,10.999333070802122 52.20014201370701,10.999333070802122 52.20014201370701,,,Umspannwerk Zell
TTG-P46,29372,,,,AC,,,,,,,,,1,2025.0,40,,,6.0,,,,,,,,BBP,18,Umspannwerk Redwitz,,,,8.735135796743075 50.159191553758134, Schwandorf (Ostbayernring),,12.082254499689908 49.29744774665628,311.707392,380,2629.6MVA,Errichtung einer Lei- tung: Ersatzneubau,6.916477760258275 50.79953672726541,6.916477760258275 50.79953672726541,,,Station Schwadorf
TTG-P46,29373,,,,AC,,,,,,,,,1,2025.0,40,,,6.0,,,,,,,,BBP,18,Umspannwerk Mechlenreuth,,,,8.735135796743075 50.159191553758134,Umspannwerk Etzenricht,,8.735135796743075 50.159191553758134,65.21138752,380,2629.6MVA,Errichtung einer Lei- tung: Ersatzneubau,12.114769928393569 49.631152225899484,12.114769928393569 49.631152225899484,,,Umspannwerk Zell
TTG-P46,29374,,,,AC,,,,,,,,,1,2025.0,40,,,6.0,,,,,,,,BBP,18,Umspannwerk Etzenricht,,,,8.735135796743075 50.159191553758134, Schwandorf (Ostbayernring),,12.082254499689908 49.29744774665628,393.0280445,380,2629.6MVA,Errichtung einer Lei- tung: Ersatzneubau,6.916477760258275 50.79953672726541,6.916477760258275 50.79953672726541,,,Station Schwadorf
TTG-P48,29375,33438.0,34108.0,,AC,,,,,,,,,1,2024.0,40,,166.82933830974412,3.0,,,,,,,,BBP,20,Grafenrheinfeld,Grafenrheinfeld,100.0,54.55,10.187883452706167 49.98122647337771,Punkt Rittershausen,Wolkramshausen,10.734669450629001 51.44018679015725,220.1390889,380,,Änderung oder Erweiterung einer Leitung: Zu- oder Umbeseilung,8.77868466020928 48.231197611055435,8.77868466020928 48.231197611055435,,,Umspannwerk Dotternhausen
TTG-P67,29376,,,,AC,,,,,,,,,1,2026.0,40,,,6.0,,,,,,,,BBP,32,Umspannwerk Simbach,,,,8.735135796743075 50.159191553758134,Matzenhof,,11.868156362309199 48.20680293969778,258.9516934,380,2629.6MVA,Errichtung einer Lei- tung: Ersatzneubau,9.553917794855415 48.66564598216842,9.553917794855415 48.66564598216842,,,Netze BW Umspannwerk Hattenhofen
TTG-P67,29377,,,,AC,,,,,,,,,1,2026.0,40,,,6.0,,,,,,,,BBP,32,Matzenhof,,,,11.868156362309199 48.20680293969778,Bundesgrenze AT,,10.16030331266777 49.98915674945729,48.07576075,380,2629.6MVA,Errichtung einer Lei- tung: Ersatzneubau,9.63693893238769 48.23684832839326,9.63693893238769 48.23684832839326,,,110kV-Umspannwerk Munderkingen
TTG-P67,29378,,,,AC,,,,,,,,,1,2026.0,40,,,6.0,,,,,,,,BBP,32,Umspannwerk Altheim,,,,8.735135796743075 50.159191553758134,Adlkofen,,6.329986504542498 51.24293339894754,467.7425381,380,2629.6MVA,Errichtung einer Lei- tung: Ersatzneubau,7.91736019224477 51.756816193714144,7.91736019224477 51.756816193714144,,,Station Ahlen
TTG-P69,29379,,,,AC,,,,,,,,,1,2022.0,40,,,6.0,,,,,,,,BBP,34,Emden / Ost,,,,7.44506934967185 51.61850011435058,Conneforde,,8.052813201940419 53.33191378148668,603.5278074,380,2366.6MVA,Errichtung einer Lei- tung: Ersatzneubau,8.052813201940419 53.33191378148668,8.052813201940419 53.33191378148668,,,Emden West
TTG-P72,29380,,,,AC,,,,,,,,,1,2025.0,40,,,6.0,,,,,,,,BBP,42,Kreis Segeberg,,,,10.972903959305084 49.55850742367914,Lübeck / West,,10.640952461335745 53.919444277182414,22.52447062,380,,Errichtung einer Lei- tung: Ersatzneubau,10.642246098937843 53.91873742551526,10.642246098937843 53.91873742551526,,,Umspannwerk Lübeck
TTG-P118,29381,,,,AC,,,,,,,,,1,2024.0,40,,,6.0,,,,,,,,BBP,43,Station Borken,,,,6.683107022192082 51.57564552523084,Mecklar,,9.746026530326525 50.9174270688464,224.3541024,380,2629.6MVA,Änderung oder Erweiterung einer Leitung: Zu- oder Umbeseilung,9.746026530326525 50.9174270688464,9.746026530326525 50.9174270688464,,,Station Bochum
TTG-P151,29382,,,,AC,,,,,,,,,1,2023.0,40,,,6.0,,,,,,,,BBP,45,Station Borken,,,,6.683107022192082 51.57564552523084,Umspannwerk Twistetal,,8.735135796743075 50.159191553758134,156.4916325,380,2629.6MVA,Änderung oder Erweiterung einer Leitung: Zu- oder Umbeseilung,8.99279244775296 51.34300940501005,8.99279244775296 51.34300940501005,,,Umspannwerk Zell
TTG-P185,29383,,,,AC,,,,,,,,,1,2021.0,40,,,6.0,,,,,,,,BBP,46,Umspannwerk Redwitz,,,,8.735135796743075 50.159191553758134,Landes- grenze BY / TH (Punkt Tschirn),,,380.0,2366.6MVA,Änderung oder Erweiterung einer Leitung: Zu- oder Umbeseilung,Stromtragfähigkeit 3600A,,,,,Umspannwerk Zell
TNG-P47,29384,,,,AC,,,,,,,,,1,2031.0,40,,,,,,,,,,,BBP,19,Umspannwerk Weinheim,,,,8.735135796743075 50.159191553758134,Daxlanden,,6.965538620656629 51.0699302797616,63.68084688,,,Errichtung einer Lei- tung: Ersatzneubau,8.313340225406092 49.0090434723512,8.313340225406092 49.0090434723512,,,Karlsruhe-Daxlanden
TNG-P47,29385,,,,AC,,,,,,,,,1,2031.0,40,,,,,,,,,,,BBP,19,Umspannwerk Weinheim,,,,8.735135796743075 50.159191553758134,Mannheim,,8.501808581399017 49.44491154650559,14.23709583,,,Errichtung einer Lei- tung: Ersatzneubau,8.501808581399017 49.44491154650559,8.501808581399017 49.44491154650559,,,Umspannwerk Zell
TNG-P47,29386,34210.0,33532.0,,AC,,,,,,,,,1,2031.0,40,,236.58418958545917,,,,,,,,,BBP,19,Mannheim,Mannheim,100.0,73.68,8.501808581399017 49.44491154650559,Umspannwerk Altlußheim,Umspannwerk Zell,10.024504210738638 47.57320970527648,28.98458587,,,Errichtung einer Lei- tung: Ersatzneubau,8.512099281893201 49.29400019252661,8.512099281893201 49.29400019252661,,,Umspannwerk Zell
TNG-P47,29387,,,,AC,,,,,,,,,1,2031.0,40,,,,,,,,,,,BBP,19,Umspannwerk Altlußheim,,,,8.735135796743075 50.159191553758134,Karlsruhe-Daxlanden,,8.313340225406092 49.0090434723512,34.85020341,,,Errichtung einer Lei- tung: Ersatzneubau,8.313340225406092 49.0090434723512,8.313340225406092 49.0090434723512,,,Umspannwerk Zell
TNG-P48,29388,,,,AC,,,,,,,,,1,2025.0,40,,,3.0,,,,,,,,BBP,20,Punkt Rittershausen,,,,9.513830681321172 51.25897936948762,Umspannwerk Kupferzell,,8.735135796743075 50.159191553758134,86.34210817,380,,Änderung oder Erweiterung einer Leitung: Zu- oder Umbeseilung,9.694651058409693 49.23258454716998,9.694651058409693 49.23258454716998,,,Umspannwerk Zell
TNG-P48,29389,,,,AC,,,,,,,,,1,2025.0,40,,,3.0,,,,,,,,BBP,20,Umspannwerk Kupferzell,,,,8.735135796743075 50.159191553758134,Großgartach,,9.15157490076255 49.14362211741481,41.40225295,380,,Errichtung einer Lei- tung: Ersatzneubau,9.143177240658266 49.14352562982289,9.143177240658266 49.14352562982289,,,Umspannwerk Zell
TNG-P49,29390,,,,AC,,,,,,,,,1,2029.0,40,,,,,,,,,,,BBP,21,Daxlanden,,,,6.965538620656629 51.0699302797616,Bühl/ Kuppenheim,,8.248729079824315 48.84631655943378,114.1090203,380,,Errichtung einer Lei- tung: Ersatzneubau,8.248729079824315 48.84631655943378,8.248729079824315 48.84631655943378,,,Karlsruhe-Daxlanden
TNG-P49,29391,,,,AC,,,,,,,,,1,2029.0,40,,,,,,,,,,,BBP,21,Bühl/ Kuppenheim,,,,8.248729079824315 48.84631655943378,Erweiterung Umspannwerk Weier,,8.735135796743075 50.159191553758134,63.77631443,380,,Errichtung einer Lei- tung: Ersatzneubau,7.908666282746797 48.501784102651996,7.908666282746797 48.501784102651996,,,Umspannwerk Zell
TNG-P49,29392,35649.0,33532.0,,AC,,,,,,,,,1,2029.0,40,,188.5497382885676,,,,,,,,,BBP,21,Weier,Erweiterung Umspannwerk Weier,29.41,56.52,7.908666282746797 48.501784102651996,380-kV-Umspannwerk Eichstetten,Umspannwerk Zell,10.024504210738638 47.57320970527648,46.20559244,380,,Errichtung einer Lei- tung: Ersatzneubau,7.753495510341039 48.09935573343809,7.753495510341039 48.09935573343809,,,380kV-Umspannwerk Grünkraut
TNG-P70,29393,,,,AC,,,,,,,,,1,2022.0,40,,,,,,,,,,,BBP,35,220 kV-Umspannwerk Birkenfeld,,,,8.248729079824315 48.84631655943378,Mast 115A,,,380.0,,"Errichtung einer Leitung: Neubau in neuer Trasse; Errichtung einer
Leitung: Ersatzneu- bau; Änderung oder Erweiterung einer Leitung: Zu- oder Umbeseilung",bestehende 110kV Leitung, soll auf neuer 380kV-Trasse mitgeführt werden,,,,220-kV-Umspannwerk Kuppenheim
DC1,29394,,,,DC,,,,,,,,,1,2027.0,40,,,,,,,,,,,BBP,1,Emden / Ost,,,,7.44506934967185 51.61850011435058,Station Osterath,,6.683107022192082 51.57564552523084,300.5498696,,2GW,Errichtung einer Leitung: Neubau in neuer Trasse,6.625829004351699 51.26061129731316,6.625829004351699 51.26061129731316,,,Station Bochum
DC2,29395,,,,DC,,,,,,,,,1,2024.0,40,,,,,,,,,,,BBP,2,Station Osterath,,,,6.683107022192082 51.57564552523084,Philippsburg (Ultranet),,8.46578496756474 49.22151664004841,262.036473,380,2 GW,Errichtung einer Leitung: Ersatzneu- bau,8.46578496756474 49.22151664004841,,8.46578496756474 49.22151664004841,,Umspannwerk Philippsburg
DC3,29396,31658.0,32376.0,,DC,,,,,,,,,1,2028.0,40,,528.7460417585828,,,,,,,,,BBP,3,Brunsbüttel,Umspannwerk Kernkraftwerk Brunsbüttel,45.83,43.14,9.201683603864101 53.89581463892435,Großgartach (SuedLink),Süwag-Umspannwerk Großgartach,9.143177240658266 49.14352562982289,528.7460418,380,2 GW,Errichtung einer Leitung: Neubau in neuer Trasse,9.143177240658266 49.14352562982289,9.143177240658266 49.14352562982289,,,Süwag-Umspannwerk Großgartach
DC4,29397,,,,DC,,,,,,,,,1,2028.0,40,,,,,,,,,,,BBP,4,Wilster / West,,,,9.34434473552974 53.919205564871284,Bergrheinfeld / West (SuedLink),,10.16030331266777 49.98915674945729,406.7646048,380,2 GW,Errichtung einer Leitung: Neubau in neuer Trasse,10.16030331266777 49.98915674945729,10.16030331266777 49.98915674945729,,,Umspannwerk Bergrheinfeld
DC5,29398,,,,DC,,,,,,,,,1,2027.0,40,,,,,,,,,,,BBP,5,Umspannwerk Wolmirstedt,,,,8.735135796743075 50.159191553758134,Isar,,12.296883821275578 48.60690994546696,410.0188476,380,2 GW,Errichtung einer Leitung: Neubau in neuer Trasse,12.296883821275578 48.60690994546696,12.296883821275578 48.60690994546696,,,Umspannwerk Zell
DC1a,29399,,,,DC,,,,,,,,,1,2027.0,40,,,,,,,,,,,BBPIG,1,Emden / Ost,,,,7.44506934967185 51.61850011435058,Station Osterath,,6.683107022192082 51.57564552523084,363.8142706,380,"2,4",Optimierung,6.625829004351699 51.26061129731316,6.625829004351699 51.26061129731316,,,Station Bochum
DC20,29400,,,,DC,,,,,,,,,1,2032.0,40,,,,,,,,,,,BBPIG,5a,Klein Rogahn,,,,10.235863189815383 52.29345956917022,Landkreis Börde,,9.125265746125436 52.53826407418714,173.7463303,380,2 GW,Errichtung einer Leitung: Neubau einer Trasse,9.108750523657129 52.577399355419985,9.108750523657129 52.577399355419985,,,Wasserkraftwerk Landesbergen
DC20,29401,,,,DC,,,,,,,,,1,2032.0,40,,,,,,,,,,,BBPIG,5a,Landkreis Börde,,,,9.125265746125436 52.53826407418714,Isar,,12.296883821275578 48.60690994546696,443.5622337,380,2 GW,Errichtung einer Leitung: Paral- lelneubau,12.296883821275578 48.60690994546696,12.296883821275578 48.60690994546696,,,Wasserkraftwerk Landesbergen
DC21,29402,34123.0,32932.0,,DC,,,,,,,,,1,2031.0,40,,618.2664249050915,,,,,,,,,BBPIG,49,Wilhelmshaven 2,Umspannwerk Kraftwerk Wilhelmshaven,52.0,28.57,8.147837119262812 53.56354694037817,Region Hamm,Umspannwerk Regen,13.150388922059184 48.97347729511028,618.2664249,380,2 GW,Errichtung einer Leitung: Neubau in neuer Trasse,13.150388922059184 48.97347729511028,13.150388922059184 48.97347729511028,,,Umspannwerk Regen
DC25,29403,,,,DC,,,,,,,,,1,2031.0,40,,,,,,,,,,,BBPIG,48,Umspannwerk Heide-West,,,,8.735135796743075 50.159191553758134,Station Polsum,,6.683107022192082 51.57564552523084,228.701048,380,2 GW,Errichtung einer Leitung: Neubau in neuer Trasse,7.023309809364244 51.625703743245474,7.023309809364244 51.625703743245474,,,Station Bochum
DC31,29404,,,,DC,,,,,,,,,1,2035.0,40,,,,,,,,,,,,,Umspannwerk Heide-West,,,,8.735135796743075 50.159191553758134,Klein Rogahn,,10.235863189815383 52.29345956917022,333.4920507,380,2 GW,Errichtung einer Leitung: Neubau in neuer Trasse,7.706358343076252 51.278581732413315,7.706358343076252 51.278581732413315,,,Elverlingsen
DC34,29405,,,,DC,,,,,,,,,1,2035.0,40,,,,,,,,,,,,,Suchraum Rastede,,,,7.842901952780925 47.58585151929896,Bürstadt,,8.419373160819056 49.63371907511068,505.7289556,380,2 GW,Errichtung einer Leitung: Neubau in neuer Trasse,8.419373160819056 49.63371907511068,8.419373160819056 49.63371907511068,,,Rastede
P20,29406,,,,AC,,,,,,,,,1,2030.0,40,,,6.0,,,,,,,,BBPIG,37,Emden / Ost,,,,7.44506934967185 51.61850011435058,Halbemond,,6.787529932227501 51.50554942577105,69.7830548,380,2629.6MVA,Errichtung einer Leitung: Neubau in neuer Trasse,7.264137656045865 53.561567947932154,7.264137656045865 53.561567947932154,,,Emden West
P22,29407,,,,AC,,,,,,,,,1,2025.0,40,,,6.0,,,,,,,,BBPIG,55,Schaltanlage Elsfleth/West,,,,8.939692565631868 52.40303328706645,Ganderkesee (über Niedervieland),,8.563991876746766 53.03191782682749,25.31557106,380,2629.6MVA,Errichtung einer Leitung: Ersatz- neubau,8.695160795744286 53.092536123574995, Stromtragfähigkeit 4000A,8.695160795744286 53.092536123574995,,Niedervieland
P22,29408,31026.0,31763.0,,AC,,,,,,,,,1,2025.0,40,,30.068753874463553,,,,,,,,,BBPIG,54,Conneforde,Conneforde,100.0,100.0,8.052813201940419 53.33191378148668,Unterweser,Unterweser,8.474707083954415 53.42865120619339,30.06875387,380,2629.6MVA,Änderung oder Erweiterung einer Leitung: Spannungs- umstellung,8.474707083954415 53.42865120619339,8.474707083954415 53.42865120619339,,,Unterweser
P23,29409,31117.0,31750.0,,AC,,,,,,,,,1,2029.0,40,,28.817046042241003,6.0,,,,,,,,BBPIG,38,Dollern,Dollern,100.0,100.0,9.501790032393501 53.54281468005007,Alfstedt,Alfstedt,9.068813798412615 53.566635135292216,28.81704604,380,2629.6MVA,Errichtung einer Leitung: Ersatz- neubau,9.068813798412615 53.566635135292216, Stromtragfähigkeit 4000A,9.068813798412615 53.566635135292216,,Alfstedt
P23,29410,31750.0,31162.0,,AC,,,,,,,,,1,2029.0,40,,54.58993917479329,6.0,,,,,,,,BBPIG,38,Alfstedt,Alfstedt,100.0,100.0,9.068813798412615 53.566635135292216,Farge,Farge,8.518881857347315 53.20263529903492,54.58993917,380,2629.6MVA,Errichtung einer Leitung: Ersatz- neubau,8.518881857347315 53.20263529903492, Stromtragfähigkeit 4000A,8.518881857347315 53.20263529903492,,Farge
P23,29411,31162.0,34454.0,,AC,,,,,,,,,1,2029.0,40,,275.5716502961607,6.0,,,,,,,,BBPIG,38,Farge,Farge,100.0,64.29,8.518881857347315 53.20263529903492,Elsfleth / West,Eisenach/West,10.291142563091611 50.97937435424922,8.642302914,380,2629.6MVA,Errichtung einer Leitung: Ersatz- neubau,8.402976949446648 53.237146831320025, Stromtragfähigkeit 4000A,8.402976949446648 53.237146831320025,,Schaltanlage Elsfleth/West
P26,29412,31658.0,32516.0,,AC,,,,,,,,,1,2030.0,40,,623.158883073359,6.0,,,,,,,,BBPIG,50,Brunsbüttel,Umspannwerk Kernkraftwerk Brunsbüttel,45.83,37.84,9.201683603864101 53.89581463892435,Konverterstation Büttel,Umspannwerk Lechhausen; Übernahmestation Lechhausen,10.936704050591361 48.4012910606613,3.202375895,380,2629.6MVA,Errichtung einer Leitung: Ersatz- neubau,9.234935266519749 53.9168453029082, Stromtragfähigkeit 4000A,9.234935266519749 53.9168453029082,,Konverterstation Büttel
P26,29413,33668.0,31011.0,,AC,,,,,,,,,1,2030.0,40,,174.279924,6.0,,,,,,,,BBPIG,50,Konverterstation Büttel,,,,9.234935266519749 53.9168453029082,Wilster/West,,9.522576021806701 52.36040907486085,7.281767305,380,2629.6MVA,Errichtung einer Leitung: Ersatz- neubau,9.345190861245023 53.92350687586574, Stromtragfähigkeit 4000A,9.345190861245023 53.92350687586574,,Umspannwerk Wilster
P26,29414,,,,AC,,,,,,,,,1,2030.0,40,,,6.0,,,,,,,,BBPIG,50,Wilster/West,,,,9.34434473552974 53.919205564871284,Umspannwerk Stade-West,,8.735135796743075 50.159191553758134,35.83172795,380,2629.6MVA,Errichtung einer Leitung: Ersatz- neubau,9.489805273447082 53.63250357479064, Stromtragfähigkeit 4000A,9.489805273447082 53.63250357479064,,Umspannwerk Zell
P33,29415,,,,AC,,,,,,,,,1,2032.0,40,,,6.0,,,,,,,,BBPIG,10,Umspannwerk Wolmirstedt,,,,8.735135796743075 50.159191553758134,Umspannwerk Helmstadt,,8.735135796743075 50.159191553758134,378.4692271,380,2629.6MVA,Errichtung einer Leitung: Paral- lelneubau,8.967786606394846 49.31782228406299,8.967786606394846 49.31782228406299,,,Umspannwerk Zell
P33,29416,,,,AC,,,,,,,,,1,2032.0,40,,,6.0,,,,,,,,BBPIG,10,Umspannwerk Helmstadt,,,,8.735135796743075 50.159191553758134,Gleidingen / Hallendorf,,10.41954069426422 52.23696069402375,340.4791388,380,2629.6MVA,Errichtung einer Leitung: Paral- lelneubau,10.41954069426422 52.23696069402375,10.41954069426422 52.23696069402375,,,Gleidingen 220 kV
P33,29417,,,,AC,,,,,,,,,1,2032.0,40,,,6.0,,,,,,,,BBPIG,10,Gleidingen / Hallendorf,,,,10.41954069426422 52.23696069402375,Kreuzung M24b/ TTG-006,,,380.0,2629.6MVA,Errichtung einer Leitung: Paral- lelneubau,Stromtragfähigkeit 4000A,,,,,Gleidingen 220 kV
P33,29418,,,,AC,,,,,,,,,1,2032.0,40,,,6.0,,,,,,,,BBPIG,10,Kreuzung M24b/ TTG-006,,,,,Mehrum / Nord,,10.087649794874086 52.315125665613714,24.26544895,380,2629.6MVA,Errichtung einer Leitung: Paral- lelneubau,10.087649794874086 52.315125665613714,10.087649794874086 52.315125665613714,,,Umspannwerk Mehrum
P37,29419,,,,AC,,,,,,,,,1,2026.0,40,,,,,,,,,,,BBPIG,12,Umspannwerk Vieselbach,,,,8.735135796743075 50.159191553758134,Eisenach,,10.386346317195237 51.00214547439807,51.72986165,380,2629.6MVA,Errichtung einer Leitung: Ersatz- neubau,10.386346317195237 51.00214547439807,  Stromtragfähigkeit 4000A,10.386346317195237 51.00214547439807,,Umspannwerk Zell
P37,29420,35330.0,31544.0,,AC,,,,,,,,,1,2026.0,40,,45.96425868429473,,,,,,,,,BBPIG,12,Eisenach,Eisenach,100.0,100.0,10.386346317195237 51.00214547439807,Mecklar,Mecklar,9.746026530326525 50.9174270688464,45.96425868,380,2629.6MVA,Änderung oder Erweiterung einer Leitung: Zu- oder Umbe- seilung,9.746026530326525 50.9174270688464, Stromtragfähigkeit 4000A,9.746026530326525 50.9174270688464,,Mecklar
P43,29421,31544.0,33828.0,,AC,,,,,,,,,1,2031.0,40,,43.28324418046014,6.0,,,,,,,,BBPIG,17,Mecklar,Mecklar,100.0,100.0,9.746026530326525 50.9174270688464,Dipperz,Dipperz,9.774150580638903 50.52874938048326,43.28324418,380,2629.6MVA,Errichtung einer Leitung: Paral- lelneubau,9.774150580638903 50.52874938048326,9.774150580638903 50.52874938048326,,,Dipperz
P43,29422,33828.0,33489.0,,AC,,,,,,,,,1,2031.0,40,,102.41373515738744,6.0,,,,,,,,BBPIG,17,Dipperz,Dipperz,100.0,53.33,9.774150580638903 50.52874938048326,Bergrheinfeld / West,Leinefelde,10.309233999999998 51.38507499918841,66.03603194,380,2629.6MVA,Errichtung einer Leitung: Neubau in neuer Trasse,10.16030331266777 49.98915674945729,10.16030331266777 49.98915674945729,,,Umspannwerk Bergrheinfeld
P51,29423,,,,AC,,,,,,,,,1,2030.0,40,,,,,,,,,,,BBPIG,22,Süwag-Umspannwerk Großgartach,,,,8.735135796743075 50.159191553758134,Umspannwerk Endersbach,,8.735135796743075 50.159191553758134,40.60545894,380,,"Errichtung einer Leitung: Ersatzneubau
Errichtung einer Leitung: Paral- lelneubau",9.377588757620794 48.81260496555262,9.377588757620794 48.81260496555262,,,Umspannwerk Zell
P52,29424,,,,AC,,,,,,,,,1,2030.0,40,,,,,,,,,,,BBPIG,40,Umspannwerk Neubrandenburg,,,,8.735135796743075 50.159191553758134,Sigmarszell/Bundes- grenze (AT),,,380.0,,Errichtung einer Leitung: Ersatz- neubau,,,,,,Umspannwerk Neubrandenburg
P53,29425,31156.0,30865.0,,AC,,,,,,,,,1,2029.0,40,,174.9088473,6.0,,,,,,,,BBPIG,41,Raitersaich/West,,,,10.843117833298242 49.37869267500462,Umspannwerk Ludersheim,,8.735135796743075 50.159191553758134,483.9738543,380,2629.6MVA,Errichtung einer Leitung: Ersatz- neubau,11.327144234189406 49.394009068261695,11.327144234189406 49.394009068261695,,,Umspannwerk Zell
P53,29426,,,,AC,,,,,,,,,1,2029.0,40,,,6.0,,,,,,,,BBPIG,41,Umspannwerk Ludersheim,,,,8.735135796743075 50.159191553758134,Umspannwerk Sittling,,8.735135796743075 50.159191553758134,70.52708944,380,2629.6MVA,Errichtung einer Leitung: Ersatz- neubau,11.79241389202698 48.83822405009197,11.79241389202698 48.83822405009197,,,Umspannwerk Zell
P53,29427,,,,AC,,,,,,,,,1,2029.0,40,,,6.0,,,,,,,,BBPIG,41,Umspannwerk Sittling,,,,8.735135796743075 50.159191553758134,Suchraum Stadt Rottenburg/Gemeinde Neufahrn,,,380.0,2629.6MVA,Errichtung einer Leitung: Ersatz- neubau,Stromtragfähigkeit 4000A,,,,,Umspannwerk Zell
P53,29428,,,,AC,,,,,,,,,1,2029.0,40,,,6.0,,,,,,,,BBPIG,41,Suchraum Stadt Rottenburg/Gemeinde Neufahrn,,,,,Umspannwerk Altheim,,8.735135796743075 50.159191553758134,42.21880207,380,2629.6MVA,Errichtung einer Leitung: Ersatz- neubau,12.220835400057918 48.58573299883071,12.220835400057918 48.58573299883071,,,Umspannwerk Zell
P72,29429,,,,AC,,,,,,,,,1,2027.0,40,,,6.0,,,,,,,,BBPIG,42,Lübeck / West,,,,10.640952461335745 53.919444277182414,Umspannwerk Siems,,8.735135796743075 50.159191553758134,568.7703883,380,,Errichtung einer Leitung: Ersatz- neubau,10.760835327266594 53.90974536464864,10.760835327266594 53.90974536464864,,,Umspannwerk Lübeck
P72,29430,32760.0,35568.0,,AC,,,,,,,,,1,2027.0,40,,43.693197188950016,6.0,,,,,,,,BBPIG,42,Siems,Umspannwerk Siems,45.45,32.0,10.760835327266594 53.90974536464864,Göhl,Umspannwerk Göhl Wind,10.932816365275096 54.28905579744723,43.69319719,380,,Errichtung einer Leitung: Neubau in neuer Trasse,10.932816365275096 54.28905579744723,10.932816365275096 54.28905579744723,,,Umspannwerk Göhl Wind
P74,29431,31681.0,33532.0,,AC,,,,,,,,,1,2030.0,40,,77.4759826675348,,,,,,,,,TYNDP,47,Vöhringen,Vöhringen LEW,81.82,48.65,10.083751340058905 48.268867496576966,Umspannanlage Leupolz,Umspannwerk Zell,10.024504210738638 47.57320970527648,62.5156403,380,,"Errichtung einer Leitung: Ersatzneubau;
Änderung oder Erweiterung einer Leitung:
Zu- oder Umbeseilung",10.362499738474474 47.73865994398536,10.362499738474474 47.73865994398536,,,Umspannanlage Brauweiler
P74,29432,,,,AC,,,,,,,,,1,2030.0,40,,,,,,,,,,,TYNDP,47,Umspannanlage Leupolz,,,,6.804590290688168 50.9662510998506,Punkt Bundesgrenze (AT),,,380.0,,"Errichtung einer Leitung: Ersatzneubau;
Änderung oder Erweiterung einer Leitung:
Zu- oder Umbeseilung",Spannungsumstellung mit Stromkreisauflage/Umbeseilung  ,,,,,Umspannanlage Brauweiler
P84,29433,,,,AC,,,,,,,,,1,2032.0,40,,,,,,,,,,,BBPIG,51,Hamburg Nord,,,,9.984058791561045 53.74147911149971,Hamburg/Ost,,10.15820424005784 53.555410330604104,647.2236025,380,,Änderung oder Erweiterung einer Leitung: Zu- oder Umbe- seilung,10.15820424005784 53.555410330604104,10.15820424005784 53.555410330604104,,,Hamburg Nord
P84,29434,30998.0,33532.0,,AC,,,,,,,,,1,2032.0,40,,665.5254902840437,12.0,,,,,,,,BBPIG,51,Hamburg/Ost,Hamburg/Ost,100.0,80.0,10.15820424005784 53.555410330604104,Umspannwerk Krümmel,Umspannwerk Zell,10.024504210738638 47.57320970527648,23.50074166,380,,Errichtung einer Leitung: Ersatz- neubau,10.418299361545674 53.412165498625626,10.418299361545674 53.412165498625626,,,Umspannwerk Zell
P112,29435,,,,AC,,,,,,,,,1,2030.0,40,,,6.0,,,,,,,,BBPIG,32,Umspannwerk Pleinting,,,,8.735135796743075 50.159191553758134,St.Peter,,6.801901926183777 51.12493154235739,443.6182888,380,2629.6MVA,Errichtung einer Leitung: Ersatz- neubau,8.020290393908658 50.92361692922066,8.020290393908658 50.92361692922066,,,Umspannwerk Zell
P112,29436,,,,AC,,,,,,,,,1,2030.0,40,,,6.0,,,,,,,,BBPIG,32,St.Peter,,,,6.801901926183777 51.12493154235739,Umspannwerk Pirach,,8.735135796743075 50.159191553758134,63.34296575,380,2629.6MVA,Errichtung einer Leitung: Ersatz- neubau,12.747462532231154 48.1487453438436,12.747462532231154 48.1487453438436,,,Umspannwerk Zell
P113,29437,,,,AC,,,,,,,,,1,2031.0,40,,,6.0,,,,,,,,BBPIG,58,Umspannwerk Krümmel,,,,8.735135796743075 50.159191553758134,Umspannwerk Lüneburg,,8.735135796743075 50.159191553758134,21.61134707,380,2629.6MVA,Errichtung einer Leitung: Ersatz- neubau,10.37889424775347 53.219418968974026,10.37889424775347 53.219418968974026,,,Umspannwerk Zell
P113,29438,,,,AC,,,,,,,,,1,2031.0,40,,,6.0,,,,,,,,BBPIG,58,Umspannwerk Lüneburg,,,,8.735135796743075 50.159191553758134,Stadorf,,10.38154437005121 52.993374103119166,25.15676851,380,2629.6MVA,Errichtung einer Leitung: Ersatz- neubau,10.38154437005121 52.993374103119166,10.38154437005121 52.993374103119166,,,Umspannwerk Zell
P113,29439,31458.0,33272.0,,AC,,,,,,,,,1,2031.0,40,,92.19539495210276,6.0,,,,,,,,BBPIG,58,Stadorf,Stadorf,100.0,25.64,10.38154437005121 52.993374103119166,Wahle 380 kV,Umspannwerk Walzwerk (UWWW),10.42038950438892 52.1652003787874,78.87277616,380,2629.6MVA,Errichtung einer Leitung: Ersatz- neubau,10.365338662586142 52.28466156477866,10.365338662586142 52.28466156477866,,,Umspannwerk Walzwerk (UWWW)
P116,29440,31117.0,33494.0,,AC,,,,,,,,,1,2033.0,40,,50.62139369066787,6.0,,,,,,,,BBPIG,57,Dollern,Dollern,100.0,51.85,9.501790032393501 53.54281468005007,Samtgemeinde Sottrum,Sottrum,9.249511097600784 53.11377011761198,50.62139369,380,2629.6MVA,Errichtung einer Leitung: Ersatz- neubau,9.249511097600784 53.11377011761198,9.249511097600784 53.11377011761198,,,Sottrum
P116,29441,,,,AC,,,,,,,,,1,2033.0,40,,,6.0,,,,,,,,BBPIG,57,Samtgemeinde Sottrum,,,,9.253243575298317 53.11482167195141,Wechold,,9.145084451718349 52.85279753893464,80.40675559,380,2629.6MVA,Errichtung einer Leitung: Ersatz- neubau,9.145084451718349 52.85279753893464,9.145084451718349 52.85279753893464,,,Sottrum
P116,29442,31503.0,32183.0,,AC,,,,,,,,,1,2033.0,40,,514.6543269195591,6.0,,,,,,,,BBPIG,57,Wechold,Wechold,100.0,32.65,9.145084451718349 52.85279753893464,Punkt Landesbergen ,110kV-Umspannwerk Munderkingen,9.63693893238769 48.23684832839326,30.74476063,380,2629.6MVA,Errichtung einer Leitung: Ersatz- neubau,9.108750523657129 52.577399355419985,9.108750523657129 52.577399355419985,,,Wasserkraftwerk Landesbergen
P116,29443,,,,AC,,,,,,,,,1,2033.0,40,,,6.0,,,,,,,,BBPIG,57,Landesbergen (Steyerberg),,,,9.125265746125436 52.53826407418714,Schaltanlage Ovenstädt,,8.939692565631868 52.40303328706645,51.94577004,380,2629.6MVA,Errichtung einer Leitung: Ersatz- neubau,8.939692565631868 52.40303328706645,8.939692565631868 52.40303328706645,,,Wasserkraftwerk Landesbergen
P119,29444,31026.0,33546.0,,AC,,,,,,,,,1,2031.0,40,,42.696852602534,6.0,,,,,,,,BBPIG,56,Conneforde,Conneforde,100.0,50.0,8.052813201940419 53.33191378148668,Suchraum Rastede,Surheide,8.620845389185106 53.51092814593443,11.88101443,380,2629.6MVA,Errichtung einer Leitung: Ersatz- neubau,8.183735321635314 53.259497432762444,8.183735321635314 53.259497432762444,,,Rastede
P119,29445,,,,AC,,,,,,,,,1,2031.0,40,,,6.0,,,,,,,,BBPIG,56,Suchraum Rastede,,,,7.842901952780925 47.58585151929896,Schaltanlage Elsfleth/West,,8.939692565631868 52.40303328706645,25.62518671,380,2629.6MVA,Errichtung einer Leitung: Ersatz- neubau,8.402976949446648 53.237146831320025,8.402976949446648 53.237146831320025,,,Schaltanlage Kraftwerk Häusern
P119,29446,,,,AC,,,,,,,,,1,2031.0,40,,,6.0,,,,,,,,BBPIG,56,Schaltanlage Elsfleth/West,,,,8.939692565631868 52.40303328706645,Huntorf,,8.408969723192392 53.19024535355,16.90232894,380,2629.6MVA,Errichtung einer Leitung: Ersatz- neubau,8.408969723192392 53.19024535355,8.408969723192392 53.19024535355,,,Schaltanlage Kraftwerk Häusern
P119,29447,,,,AC,,,,,,,,,1,2031.0,40,,,6.0,,,,,,,,BBPIG,56,Schaltanlage Elsfleth/West,,,,8.939692565631868 52.40303328706645,Abzweig Blockland,,8.820024908006184 53.10738832251962,31.40485052,380,2629.6MVA,Errichtung einer Leitung: Ersatz- neubau,8.820024908006184 53.10738832251962,8.820024908006184 53.10738832251962,,,Blockland
P119,29448,,,,AC,,,,,,,,,1,2031.0,40,,,6.0,,,,,,,,BBPIG,56,Abzweig Blockland,,,,8.820024908006184 53.10738832251962,Samtgemeinde Sottrum,,9.253243575298317 53.11482167195141,28.76951205,380,2629.6MVA,Errichtung einer Leitung: Ersatz- neubau,9.249511097600784 53.11377011761198,9.249511097600784 53.11377011761198,,,Sottrum
P124,29449,,,,AC,,,,,,,,,1,2028.0,40,,,,,,,,,,,BBPIG,60,Umspannwerk Wolmirstedt,,,,8.735135796743075 50.159191553758134,Umspannwerk Klostermansfeld,,11.516324717607773 51.583985361014165,76.69272507,380,2629.6MVA,Änderung oder Erweiterung einer Leitung: Zu- oder Umbe- seilung,11.516324717607773 51.583985361014165,11.516324717607773 51.583985361014165,,,Umspannwerk Zell
P124,29450,,,,AC,,,,,,,,,1,2028.0,40,,,,,,,,,,,BBPIG,60,Umspannwerk Klostermansfeld,,,,11.516324717607773 51.583985361014165, Schraplau / Obhausen,,9.215650199269069 48.85230535501612,358.5859448,380,,Änderung oder Erweiterung einer Leitung: Zu- oder Umbe- seilung,9.245314775626282 48.70900261420076,9.245314775626282 48.70900261420076,,,Umspannwerk Scharnhausen
P124,29451,,,,AC,,,,,,,,,1,2028.0,40,,,,,,,,,,,BBPIG,60, Schraplau / Obhausen,,,,9.215650199269069 48.85230535501612,Umspannwerk Lauchstädt,,8.735135796743075 50.159191553758134,32.86288179,380,,Änderung oder Erweiterung einer Leitung: Zu- oder Umbe- seilung,11.894609645338448 51.406527815825655,11.894609645338448 51.406527815825655,,,Umspannwerk Zell
P133,29452,,,,AC,,,,,,,,,1,2031.0,40,,,,,,,,,,,BBPIG,65,Station Borken,,,,6.683107022192082 51.57564552523084,Gießen / Nord,,8.656646230292331 50.605749021732436,189.7468551,380,2629.6MVA,Änderung oder Erweiterung einer Leitung: Zu- oder Umbe- seilung,8.733842111542375 50.593013926201564, Stromtragfähigkeit 4000A,8.733842111542375 50.593013926201564,,Gießen/Ost
P135,29453,31136.0,31053.0,,AC,,,,,,,,,1,2031.0,40,,41.597257932690354,,,,,,,,,BBPIG,57,Ovenstädt,Schaltanlage Ovenstädt,58.06,100.0,8.939692565631868 52.40303328706645,Eickum,Eickum,8.571446947612305 52.10524367125356,41.59725793,380,2629.6MVA,Änderung oder Erweiterung einer Leitung: Zu- oder Umbe- seilung,8.571446947612305 52.10524367125356, Stromtragfähigkeit 4000A,8.571446947612305 52.10524367125356,,Eickum
P135,29454,31053.0,31918.0,,AC,,,,,,,,,1,2031.0,40,,205.11338915421052,,,,,,,,,BBPIG,57,Eickum,Eickum,100.0,35.56,8.571446947612305 52.10524367125356, Bechterdissen,Umspannwerk Osterweddingen West,11.562486237950273 52.054998367074475,13.25482769,380,2629.6MVA,Änderung oder Erweiterung einer Leitung: Zu- oder Umbe- seilung,8.659214623379542 51.9991169566767, Stromtragfähigkeit 4000A,8.659214623379542 51.9991169566767,,Bechterdissen
P150,29455,,,,AC,,,,,,,,,1,2029.0,40,,,3.0,,,,,,,,BBPIG,44,Schraplau / Obhausen,,,,9.215650199269069 48.85230535501612,Wolkramshausen,,10.734669450629001 51.44018679015725,166.6371116,380,,Errichtung einer Leitung: Ersatz- neubau,10.734669450629001 51.44018679015725,10.734669450629001 51.44018679015725,,,Schalthaus 1
P150,29456,34108.0,33532.0,,AC,,,,,,,,,1,2029.0,40,,433.1419223537524,3.0,,,,,,,,BBPIG,44,Wolkramshausen,Wolkramshausen,100.0,73.68,10.734669450629001 51.44018679015725,Umspannwerk Vieselbach,Umspannwerk Zell,10.024504210738638 47.57320970527648,56.15151428,380,,Errichtung einer Leitung: Ersatz- neubau,11.12324628496046 50.99837545149305,11.12324628496046 50.99837545149305,,,Umspannwerk Zell
P159,29457,,,,AC,,,,,,,,,1,2029.0,40,,,3.0,,,,,,,,BBPIG,67,Station Bürstadt,,,,6.683107022192082 51.57564552523084,Punkt Roxheim,,8.248729079824315 48.84631655943378,191.3944585,380,,Errichtung einer Leitung: Par- allelneubau,6.790562844220094 51.00238834150748,6.790562844220094 51.00238834150748,,,Station Pulheim
P159,29458,,,,AC,,,,,,,,,1,2029.0,40,,,3.0,,,,,,,,BBPIG,67,Punkt Roxheim,,,,8.248729079824315 48.84631655943378,BASF,,8.40828877363479 49.528623522017185,11.71628356,380,,Errichtung einer Leitung: Neubau in neuer Trasse,8.40828877363479 49.528623522017185,8.40828877363479 49.528623522017185,,,Station Pulheim
P159,29459,,,,AC,,,,,,,,,1,2029.0,40,,,3.0,,,,,,,,BBPIG,67,Punkt Roxheim,,,,8.248729079824315 48.84631655943378,BASF,,8.40828877363479 49.528623522017185,200.4341222,380,,Änderung oder Erweiterung einer Leitung: Zu- oder Umbe- seilung,8.40828877363479 49.528623522017185,8.40828877363479 49.528623522017185,,,Station Pulheim
P161,29460,32221.0,33532.0,,AC,,,,,,,,,1,2028.0,40,,289.81705349598144,,,,,,,,,BBPIG,66,Großkrotzenburg,Großkrotzenburg,100.0,70.27,8.958708591309906 50.0826077912028,Umspannwerk Dettingen,Umspannwerk Zell,10.024504210738638 47.57320970527648,3.321064448,380,,Änderung oder Erweiterung einer Leitung: Zu- oder Umbe- seilung,8.98950736865504 50.060279806392764,8.98950736865504 50.060279806392764,,,Umspannstationen
P161,29461,,,,AC,,,,,,,,,1,2028.0,40,,,,,,,,,,,BBPIG,66,Umspannwerk Dettingen,,,,8.735135796743075 50.159191553758134,Umspannwerk Urberach,,8.735135796743075 50.159191553758134,18.25571108,380,,Änderung oder Erweiterung einer Leitung: Zu- oder Umbe- seilung,8.772275034667414 49.974574340406285,8.772275034667414 49.974574340406285,,,Umspannwerk Zell
P170,29462,,,,AC,,,,,,,,,1,,40,,,,,,,,,,,TYNDP,244,Umspannwerk Uchtelfangen,,,,8.735135796743075 50.159191553758134,Umspannanlage Ensdorf,,6.804590290688168 50.9662510998506,18.74224287,380,,"Änderung oder Erweiterung einer Leitung:
Zu- oder Umbeseilung",6.773207879811455 49.2910742139778,6.773207879811455 49.2910742139778,,,Umspannwerk Zell
P170,29463,,,,AC,,,,,,,,,1,,40,,,,,,,,,,,TYNDP,244,Umspannanlage Ensdorf,,,,6.804590290688168 50.9662510998506,Bundesgrenze (FR),,9.165097725524976 48.81440926618144,182.6844341,380,,"Änderung oder Erweiterung einer Leitung:
Zu- oder Umbeseilung",9.165097725524976 48.81440926618144,9.165097725524976 48.81440926618144,,,Umspannwerk Bludenzer Straße
P175,29464,34123.0,34933.0,,AC,,,,,,,,,1,2029.0,40,,264.54754650928294,6.0,,,,,,,,BBPIG,73,Wilhelmshaven 2,Umspannwerk Kraftwerk Wilhelmshaven,52.0,57.14,8.147837119262812 53.56354694037817,Fedderwarden,Deiderode,9.877100291900952 51.43306258937727,482.8688106,380,2629.6MVA,Errichtung einer Leitung: Neubau in neuer Trasse,8.063672455328268 53.55578092463257,8.063672455328268 53.55578092463257,,,Umspannwerk Kraftwerk Wilhelmshaven
P175,29465,34123.0,33489.0,,AC,,,,,,,,,1,2029.0,40,,283.40087440769736,6.0,,,,,,,,BBPIG,73,Wilhelmshaven 2,Umspannwerk Kraftwerk Wilhelmshaven,52.0,50.0,8.147837119262812 53.56354694037817,Conneforde,Leinefelde,10.309233999999998 51.38507499918841,26.54136207,380,2629.6MVA,Errichtung einer Leitung: Ersatz- neubau,8.052813201940419 53.33191378148668,8.052813201940419 53.33191378148668,,,Umspannwerk Kraftwerk Wilhelmshaven
P176,29466,,,,AC,,,,,,,,,1,2026.0,40,,,3.0,,,,,,,,BBPIG,72,380-kV-Umspannwerk Eichstetten,,,,9.645341069106284 47.744597493108145,Bundesgrenze [FR],,9.165097725524976 48.81440926618144,131.2340738,380,,Errichtung einer Leitung: Ersatz- neubau,9.165097725524976 48.81440926618144,9.165097725524976 48.81440926618144,,,Umspannwerk Bludenzer Straße
P200,29467,,,,AC,,,,,,,,,1,2027.0,40,,,6.0,,,,,,,,BBPIG,74,Punkt Blatzheim,,,,8.932880076577138 52.19344813022315,Oberzier,,6.457700440405455 50.87149029041084,322.2796598,380,,Errichtung einer Leitung: Ersatz- neubau,6.457700440405455 50.87149029041084,6.457700440405455 50.87149029041084,,,Station Pulheim
P204,29468,31715.0,35860.0,,AC,,,,,,,,,1,230.0,40,,147.49677120931065,3.0,,,,,,,,TYNDP,231,Tiengen,Tiengen,100.0,35.56,8.258827663264396 47.6342088867097,Bundesgrenze (CH),Umspannwerk Bludenzer Straße,9.165097725524976 48.81440926618144,147.4967712,380,,"Errichtung einer Leitung:
Ersatzneubau",9.165097725524976 48.81440926618144,9.165097725524976 48.81440926618144,,,Umspannwerk Bludenzer Straße
P206,29469,,,,AC,,,,,,,,,1,2032.0,40,,,6.0,,,,,,,,BBPIG,23,Umspannwerk Herbertingen,,,,8.735135796743075 50.159191553758134,Kreis Konstanz ,,11.727421481025022 48.40777764876781,175.2102826,380,,Errichtung einer Leitung: Ersatz- neubau,11.727421481025022 48.40777764876781,11.727421481025022 48.40777764876781,,,Umspannwerk Freising/West
P206,29470,,,,AC,,,,,,,,,1,2032.0,40,,,6.0,,,,,,,,BBPIG,23,Kreis Konstanz ,,,,11.727421481025022 48.40777764876781,Beuren,,8.861525797588994 47.80643535471784,50.96736836,380,,Errichtung einer Leitung: Ersatz- neubau,8.861525797588994 47.80643535471784,8.861525797588994 47.80643535471784,,,Umspannwerk Freising/West
P206,29471,33333.0,31744.0,,AC,,,,,,,,,1,2032.0,40,,96.30259489103824,6.0,,,,,,,,BBPIG,23,Beuren,Beuren,100.0,35.9,8.861525797588994 47.80643535471784,Gurtweil / Tiengen,Umspannwerk Nürtingen,9.349099381613492 48.60885529440347,590.1426941,380,,Errichtung einer Leitung: Ersatz- neubau,8.758442789588218 53.111266394992,8.758442789588218 53.111266394992,,,Gröpelingen
P211,29472,,,,AC,,,,,,,,,1,2031.0,40,,,,,,,,,,,BBPIG,65,Gießen / Nord,,,,8.656646230292331 50.605749021732436,Umspannwerk Karben,,8.735135796743075 50.159191553758134,266.6112133,380,2629.6MVA,Änderung oder Erweiterung einer Leitung: Zu- oder Umbe- seilung,8.809948917696808 50.203566664751136,Stromtragfähigkeit 4000A,8.809948917696808 50.203566664751136,,Gießen/Ost
P212,29473,,,,AC,,,,,,,,,1,2040.0,40,,,,,,,,,,,,,Wasserkraftwerk Landesbergen,,,,9.125265746125436 52.53826407418714,Grohnde,,9.390175306207366 52.02668689009703,64.21599798,380,2629.6MVA,Änderung oder Erweiterung einer Leitung: Zu- oder Umbe- seilung,9.390175306207366 52.02668689009703,Stromtragfähigkeit 4000A,9.390175306207366 52.02668689009703,,Wasserkraftwerk Landesbergen
P212,29474,31084.0,32251.0,,AC,,,,,,,,,1,2040.0,40,,26.31574305743721,,,,,,,,,,,Grohnde,Grohnde,100.0,100.0,9.390175306207366 52.02668689009703,Vörden,Vörden,9.228111325885946 51.81245400273137,26.31574306,380,2629.6MVA,Änderung oder Erweiterung einer Leitung: Zu- oder Umbe- seilung,9.228111325885946 51.81245400273137,Stromtragfähigkeit 4000A,9.228111325885946 51.81245400273137,,Vörden
P212,29475,32251.0,34779.0,,AC,,,,,,,,,1,2040.0,40,,22.05751978604371,,,,,,,,,,,Vörden,Vörden,100.0,100.0,9.228111325885946 51.81245400273137,Würgassen,Würgassen,9.387640755119856 51.64073490643047,22.05751979,380,2629.6MVA,Änderung oder Erweiterung einer Leitung: Zu- oder Umbe- seilung,9.387640755119856 51.64073490643047,Stromtragfähigkeit 4000A,9.387640755119856 51.64073490643047,,Würgassen
P212,29476,34779.0,34965.0,,AC,,,,,,,,,1,2040.0,40,,37.05539614350838,,,,,,,,,,,Würgassen,Würgassen,100.0,100.0,9.387640755119856 51.64073490643047,Sandershausen/Ost,Sandershausen/Ost,9.585278415357719 51.33137523792403,37.05539614,380,2629.6MVA,Änderung oder Erweiterung einer Leitung: Zu- oder Umbe- seilung,9.585278415357719 51.33137523792403,Stromtragfähigkeit 4000A,9.585278415357719 51.33137523792403,,Sandershausen/Ost
P212,29477,34965.0,33532.0,,AC,,,,,,,,,1,2040.0,40,,419.1865602871645,,,,,,,,,,,Sandershausen / Ost,Sandershausen/Ost,94.44,66.67,9.585278415357719 51.33137523792403,Umspannwerk Bergshausen,Umspannwerk Zell,10.024504210738638 47.57320970527648,43.3693596,380,2629.6MVA,Änderung oder Erweiterung einer Leitung: Zu- oder Umbe- seilung,9.513830681321172 51.25897936948762,Stromtragfähigkeit 4000A,9.513830681321172 51.25897936948762,,Umspannwerk Zell
P212,29478,,,,AC,,,,,,,,,1,2040.0,40,,,,,,,,,,,,,Umspannwerk Bergshausen,,,,8.735135796743075 50.159191553758134,Station Borken,,6.683107022192082 51.57564552523084,193.770043,380,2629.6MVA,Änderung oder Erweiterung einer Leitung: Zu- oder Umbe- seilung,6.879875750355082 51.83942507749201,Stromtragfähigkeit 4000A,6.879875750355082 51.83942507749201,,Station Bochum
P215,29479,,,,AC,,,,,,,,,1,2030.0,40,,,,,,,,,,,BBPIG,52,Umspannstation Güstrow Umweltpark,,,,8.735135796743075 50.159191553758134,Bentwisch,,12.213671694775991 54.09974494582503,34.08735279,380,,Errichtung einer Leitung: Ersatz- neubau,12.213671694775991 54.09974494582503,12.213671694775991 54.09974494582503,,,Umspannstationen
P215,29480,31761.0,,,AC,,,,,,,,,1,2030.0,40,,,,,,,,,,,BBPIG,52,Bentwisch,Bentwisch HGÜ,81.82,,12.213671694775991 54.09974494582503, Suchraum Gemeinden Sanitz/ Dettmannsdorf,,,380.0,,Errichtung einer Leitung: Ersatz- neubau,,,,,,Bentwisch HGÜ
P216,29481,,,,AC,,,,,,,,,1,2030.0,40,,,,,,,,,,,BBPIG,53,Umspannstation Güstrow Umweltpark,,,,8.735135796743075 50.159191553758134,Siedenbrünzow,,13.143068658999566 53.907546811967244,62.96365186,380,,Errichtung einer Leitung: Ersatz- neubau,13.143414685297031 53.908705326135546,13.143414685297031 53.908705326135546,,,Umspannstationen
P216,29482,34895.0,,,AC,,,,,,,,,1,2030.0,40,,,,,,,,,,,BBPIG,53,Siedenbrünzow,Siedenbrünzow,100.0,,13.143414685297031 53.908705326135546,Iven/Krusenfelde/Krien/ Spantekow/Wer- der/Bartow,,,380.0,,Errichtung einer Leitung: Ersatz- neubau,,,,,,Siedenbrünzow
P216,29483,,,,AC,,,,,,,,,1,2030.0,40,,,,,,,,,,,BBPIG,53,Iven/Krusenfelde/Krien/ Spantekow/ Werder/Bartow,,,,,Pasewalk / Nord,,14.033684493013668 53.507523103743004,73.82147911,380,,Errichtung einer Leitung: Ersatz- neubau,14.033684493013668 53.507523103743004,14.033684493013668 53.507523103743004,,,Pasewalk
P216,29484,,,,AC,,,,,,,,,1,2030.0,40,,,,,,,,,,,BBPIG,53,Pasewalk / Nord,,,,14.033684493013668 53.507523103743004,Pasewalk,,14.033684493013668 53.507523103743004,73.82147911,380,,Errichtung einer Leitung: Ersatz- neubau,14.033684493013668 53.507523103743004,14.033684493013668 53.507523103743004,,,Pasewalk
P221,29485,,,,DC,,,,,,,,,1,2035.0,40,,,,,,,,,,,TYNDP,267,50Hz T-Regalzone,,,,,Südschweden,,13.15800426368283 51.82837015543804,297.0596945,,700MW,"Errichtung einer Leitung: Neubau in
neuer Trasse",10.126087818722711 52.26586377917155,10.126087818722711 52.26586377917155,,,Solschen
P222,29486,,,,AC,,,,,,,,,1,2029.0,40,,,6.0,,,,,,,,BBPIG,47,Umspannwerk Oberbachern,,,,8.735135796743075 50.159191553758134,Umspannwerk Ottenhofen,,8.735135796743075 50.159191553758134,38.14589951,380,2629.6MVA,Errichtung einer Leitung: Ersatz- neubau,11.868156362309199 48.20680293969778,11.868156362309199 48.20680293969778,,,Umspannwerk Zell
P223,29487,,,,AC,,,,,,,,,1,2030.0,40,,,,,,,,,,,,,Umspannstation Güstrow Umweltpark,,,,8.735135796743075 50.159191553758134,Umspannwerk Wessin,,8.735135796743075 50.159191553758134,41.69370921,380,2629.6MVA,Änderung oder Erweiterung einer Leitung: Zu- oder Umbe- seilung,11.698597650739616 53.571372820376936,Stromtragfähigkeit 4000A,11.698597650739616 53.571372820376936,,Umspannstationen
P223,29488,,,,AC,,,,,,,,,1,2030.0,40,,,,,,,,,,,,,Umspannwerk Wessin,,,,8.735135796743075 50.159191553758134,Umspannwerk Görries,,8.735135796743075 50.159191553758134,21.96621176,380,2629.6MVA,Änderung oder Erweiterung einer Leitung: Zu- oder Umbe- seilung,11.370591034721848 53.60071538776719,Stromtragfähigkeit 4000A,11.370591034721848 53.60071538776719,,Umspannwerk Zell
P223,29489,,,,AC,,,,,,,,,1,2030.0,40,,,,,,,,,,,,,Umspannwerk Görries,,,,8.735135796743075 50.159191553758134,Klein Rogahn,,10.235863189815383 52.29345956917022,358.8793634,380,2629.6MVA,Änderung oder Erweiterung einer Leitung: Zu- oder Umbe- seilung,7.706358343076252 51.278581732413315,Stromtragfähigkeit 4000A,7.706358343076252 51.278581732413315,,Elverlingsen
P223,29490,,,,AC,,,,,,,,,1,2030.0,40,,,,,,,,,,,,,Klein Rogahn,,,,10.235863189815383 52.29345956917022,Umspannwerk Krümmel,,8.735135796743075 50.159191553758134,66.57661971,380,2629.6MVA,Änderung oder Erweiterung einer Leitung: Zu- oder Umbe- seilung,10.418299361545674 53.412165498625626,Stromtragfähigkeit 4000A,10.418299361545674 53.412165498625626,,Elverlingsen
P225,29491,,,,AC,,,,,,,,,1,2030.0,40,,,9.0,,,,,,,,BBPIG,77,Umspannwerk Altheim,,,,8.735135796743075 50.159191553758134,Isar,,12.296883821275578 48.60690994546696,6.083694141,380,2629.6MVA,Errichtung einer Leitung: Neubau in neuer Trasse,12.296883821275578 48.60690994546696,12.296883821275578 48.60690994546696,,,Umspannwerk Zell
P227,29492,,,,AC,,,,,,,,,1,2040.0,40,,,6.0,,,,,,,,,,Lübeck / West,,,,10.640952461335745 53.919444277182414,Umspannwerk Krümmel,,8.735135796743075 50.159191553758134,551.5916491,380,2629.6MVA,Errichtung einer Leitung: Neubau in neuer Trasse,10.418299361545674 53.412165498625626,10.418299361545674 53.412165498625626,,,Umspannwerk Lübeck
P228,29493,,,,AC,,,,,,,,,1,2032.0,40,,,6.0,,,,,,,,BBPIG,59,Wasserkraftwerk Landesbergen,,,,9.125265746125436 52.53826407418714,Lehrte / Lahe,,9.918175987940906 52.38000537566891,59.21871113,380,2629.6MVA,Errichtung einer Leitung: Ersatz- neubau,9.918175987940906 52.38000537566891,9.918175987940906 52.38000537566891,,,Umspannwerk und Betriebszentrum Lehrte
P228,29494,,,,AC,,,,,,,,,1,2032.0,40,,,6.0,,,,,,,,BBPIG,59,Lehrte / Lahe,,,,9.918175987940906 52.38000537566891,Mehrum / Nord,,10.087649794874086 52.315125665613714,13.61961715,380,2629.6MVA,Errichtung einer Leitung: Ersatz- neubau,10.087649794874086 52.315125665613714,10.087649794874086 52.315125665613714,,,Umspannwerk Mehrum
P252,29495,,,,AC,,,,,,,,,1,2035.0,40,,,6.0,,,,,,,,,,(Marzahn –) Biesdorf / Süd,,,,13.367492103154401 52.44528393560786,Umspannwerk Wuhlheide,,8.735135796743075 50.159191553758134,244.260437,380,,Errichtung einer Leitung: Ersatz- neubau,13.5061273352059 52.473825606560844,13.5061273352059 52.473825606560844,,,Umspannwerk Mariendorf
P302,29496,,,,AC,,,,,,,,,1,2030.0,40,,,3.0,,,,,,,,BBPIG,68,Umspannwerk Höpfingen,,,,8.735135796743075 50.159191553758134,Umspannwerk Hüffenhardt,,8.735135796743075 50.159191553758134,41.76454046,380,,Änderung oder Erweiterung einer Leitung: Zu- oder Umbe- seilung,9.091835332635775 49.29461883142266, zusätzlicher 380 kV Stromkreis,9.091835332635775 49.29461883142266,,Umspannwerk Zell
P306,29497,32376.0,33532.0,,AC,,,,,,,,,1,2035.0,40,,186.4262573778501,3.0,,,,,,,,,,Großgartach,Süwag-Umspannwerk Großgartach,55.0,65.0,9.143177240658266 49.14352562982289,Umspannwerk Pulverdingen,Umspannwerk Zell,10.024504210738638 47.57320970527648,27.69184071,380,,Errichtung einer Leitung: Ersatzneubau,9.04543545075604 48.90296099677025, Änderung oder Erweiterung einer Leitung: Zu- oder Umbe- seilung,Zusätzlicher Stromkreis,9.04543545075604 48.90296099677025,Umspannwerk Zell
P313,29498,,,,DC,,,,,,,,,1,2035.0,40,,,,,,,,,,,TYNDP,225,Station Dahlem,,,,6.683107022192082 51.57564552523084,Umspannwerk Belgern,,8.735135796743075 50.159191553758134,477.8358414,380,mind. 1GW,"Errichtung einer
Leitung: Neubau in
neuer Trasse",13.112721091591498 51.47042250320338,13.112721091591498 51.47042250320338,,,Station Bochum
P315,29499,32667.0,34900.0,,AC,,,,,,,,,1,2034.0,40,,174.89818239354952,6.0,,,,,,,,BBPIG,63,Hanekenfähr,Hanekenfähr,100.0,100.0,7.308241662698386 52.47679112025016,Gronau,Gronau,9.792338062101633 52.0897767362302,174.8981824,380,,"Errichtung einer Leitung: Ersatzneubau;
Errichtung einer Leitung: Paral- lelneubau",9.792338062101633 52.0897767362302, zwei zusätzliche Stromkreise,9.792338062101633 52.0897767362302,,Gronau
P328,29500,35036.0,31616.0,,DC,,,,,,,,,1,2025.0,40,,546.7428421845519,,,,,,,,,BBPIG,70,Fedderwarden,Fedderwarden,100.0,43.24,8.063672455328268 53.55578092463257, Großbritannien,Umspannwerk Großhöbing,11.292292386068231 49.07585570609456,374.6080175,380,1,4 GW,13.265494930424234 52.34462313411863,DC,13.265494930424234 52.34462313411863,,Großbeeren
P330,29501,,,,AC,,,,,,,,,1,2035.0,40,,,,,,,,,,,,,Rittershausen,,,,7.79232558177691 49.81051622941055,Umspannwerk Höpfingen,,8.735135796743075 50.159191553758134,451.4784394,380,,Änderung oder Erweiterung einer Leitung: Zu- oder Umbe- seilung,9.446918747930244 49.59026295269401,9.446918747930244 49.59026295269401,,,Umspannwerk Zell
P355,29502,,,,AC,,,,,,,,,1,2035.0,40,,,6.0,,,,,,,,,,Netzverstärkung Neuenhagen,,,,13.710158941385528 52.53912561098884,Heinersdorf – Eisenhüttenstadt,,14.603938187245118 52.174864548479,604.0986848,380,,Errichtung einer Leitung: Ersatz- neubau,14.603938187245118 52.174864548479,14.603938187245118 52.174864548479,,,Umspannwerk Neuenhagen
P355,29503,,,,AC,,,,,,,,,1,2035.0,40,,,6.0,,,,,,,,,,Umspannwerk Heinersdorf,,,,8.735135796743075 50.159191553758134,Umspannwerk Eisenhüttenstadt,,14.603938187245118 52.174864548479,43.8468901,380,,Errichtung einer Leitung: Ersatz- neubau,14.603938187245118 52.174864548479,14.603938187245118 52.174864548479,,,Umspannwerk Zell
P355,29504,,,,AC,,,,,,,,,1,2035.0,40,,,6.0,,,,,,,,,,Umspannwerk Eisenhüttenstadt,,,,14.603938187245118 52.174864548479,Umspannwerk Preilack,,8.735135796743075 50.159191553758134,34.00779771,380,,Errichtung einer Leitung: Ersatz- neubau,14.427719548278391 51.88920446787685,14.427719548278391 51.88920446787685,,,Umspannwerk Zell
P359,29505,,,,AC,,,,,,,,,1,2030.0,40,,,,,,,,,,,BBPIG,60,Stendal / West,,,,11.727508020040295 52.568641773335166,Umspannwerk Wolmirstedt,,8.735135796743075 50.159191553758134,202.7942587,380,,Änderung oder Erweiterung einer Leitung: Zu- oder Umbe- seilung,11.6401668419024 52.26899390911886,11.6401668419024 52.26899390911886,,,Umspannwerk Zell
P367,29506,,,,AC,,,,,,,,,1,2035.0,40,,,3.0,,,,,,,,TYNDP ,1047,Emden / Ost,,,,7.44506934967185 51.61850011435058,Eemshaven (Grenze,,8.147837119262812 53.56354694037817,68.9521221,380,,Errichtung einer Leitung: Neubau in neuer Trasse,8.147837119262812 53.56354694037817,8.147837119262812 53.56354694037817,,,Umspannwerk Kraftwerk Wilhelmshaven
P402,29507,,,,AC,,,,,,,,,1,2033.0,40,,,,,,,,,,,,,Station Westerkappeln,,,,7.890386064217827 52.277940414268855,Station Gersteinwerk,,7.709038739055074 51.676466718364246,68.07425293,380,,Errichtung einer Leitung: Neubau in neuer Trasse,7.709038739055074 51.676466718364246,7.709038739055074 51.676466718364246,,,Station Gersteinwerk
P403,29508,,,,AC,,,,,,,,,1,2033.0,40,,,,,,,,,,,BBPIG,64,Station Hattingen,,,,7.167956726297289 51.38931989073198,Linderhausen,,7.79232558177691 49.81051622941055,167.2621092,380,,Errichtung einer Leitung: Ersatz- neubau,9.56710207045271 51.32525735419795,9.56710207045271 51.32525735419795,,,Umspannwerk Haltingen
P403,29509,33964.0,31104.0,,AC,,,,,,,,,1,2033.0,40,,211.4150842,,,,,,,,,BBPIG,64,Linderhausen,,,,7.79232558177691 49.81051622941055,Station Linde,,6.683107022192082 51.57564552523084,18.02879342,380,,Errichtung einer Leitung: Ersatz- neubau,7.233199543289641 51.23251323182934,7.233199543289641 51.23251323182934,,,Station Bochum
P406,29510,,,,AC,,,,,,,,,1,2027.0,40,,,,,,,,,,,BBPIG,71,Aach,,,,9.370919280255954 48.71912800610584,Bofferdange,,6.65673525925894 51.379523660262194,594.92493,380,,Errichtung einer Leitung: Ersatz- neubau,8.492407402221557 53.1887085748248,8.492407402221557 53.1887085748248,,,Berne
P408,29511,,,,AC,,,,,,,,,1,2035.0,40,,,,,,,,,,,,,Station Eiberg,,,,6.683107022192082 51.57564552523084,Station Bochum,,6.683107022192082 51.57564552523084,6.660657779,380,,Errichtung einer Leitung: Ersatz- neubau,7.221399400000001 51.45235824917898,7.221399400000001 51.45235824917898,,,Station Bochum
P408,29512,,,,AC,,,,,,,,,1,2035.0,40,,,,,,,,,,,,,Station Bochum,,,,6.683107022192082 51.57564552523084,Station Hattingen,,7.167956726297289 51.38931989073198,7.93775116,380,,Errichtung einer Leitung: Ersatz- neubau,7.167956726297289 51.38931989073198,7.167956726297289 51.38931989073198,,,Umspannwerk Haltingen
P408,29513,,,,AC,,,,,,,,,1,2035.0,40,,,6.0,,,,,,,,,,Emscherbruch,,,,11.004916950000002 50.50741499934261,Bochum / Eiberg,,7.1793735100712075 51.47220069047802,196.8792186,380,,Änderung oder Erweiterung einer Leitung: Zu- oder Umbe- seilung,9.09123580623037 51.931246677858105,9.09123580623037 51.931246677858105,,,Blomberg
P450,29514,,,,AC,,,,,,,,,1,2035.0,40,,,,,,,,,,,BBPIG,60,Umspannwerk Putlitz Süd,,,,8.735135796743075 50.159191553758134,Putlitz,,12.087770145624637 53.25096102751974,445.588977,380,,Änderung oder Erweiterung einer Leitung: Zu- oder Umbe- seilung,12.109095205063745 53.2508228581121,12.109095205063745 53.2508228581121,,,Umspannwerk Zell
P450,29515,,,,AC,,,,,,,,,1,2035.0,40,,,,,,,,,,,BBPIG,60,Umspannwerk Putlitz Süd,,,,8.735135796743075 50.159191553758134,Umspannwerk Perleberg,,8.735135796743075 50.159191553758134,25.05613482,380,,Änderung oder Erweiterung einer Leitung: Zu- oder Umbe- seilung,11.852340511063945 53.08685484855226,11.852340511063945 53.08685484855226,,,Umspannwerk Zell
P450,29516,,,,AC,,,,,,,,,1,2035.0,40,,,,,,,,,,,BBPIG,60,Umspannwerk Perleberg,,,,8.735135796743075 50.159191553758134,Stendal / West,,11.727508020040295 52.568641773335166,288.5549387,380,,Änderung oder Erweiterung einer Leitung: Zu- oder Umbe- seilung,10.633479541568006 50.60563609595998,10.633479541568006 50.60563609595998,,,Suhl/West
P450,29517,,,,AC,,,,,,,,,1,2035.0,40,,,,,,,,,,,BBPIG,60,Umspannstation Güstrow Umweltpark,,,,8.735135796743075 50.159191553758134,Siedenbrünzow,,13.143068658999566 53.907546811967244,62.96365186,380,,Änderung oder Erweiterung einer Leitung: Zu- oder Umbe- seilung,13.143414685297031 53.908705326135546,13.143414685297031 53.908705326135546,,,Umspannstationen
P450,29518,34895.0,33532.0,,AC,,,,,,,,,1,2035.0,40,,738.176917743289,,,,,,,,,BBPIG,60,Siedenbrünzow,Siedenbrünzow,100.0,66.67,13.143414685297031 53.908705326135546,Umspannwerk Putlitz Süd,Umspannwerk Zell,10.024504210738638 47.57320970527648,100.2701447,380,,Änderung oder Erweiterung einer Leitung: Zu- oder Umbe- seilung,12.109095205063745 53.2508228581121,12.109095205063745 53.2508228581121,,,Umspannwerk Zell
P451,29519,31637.0,34154.0,,AC,,,,,,,,,1,2030.0,40,,15.822621423073858,,,,,,,,,BBPIG,62,Graustein,Graustein,100.0,100.0,14.471920575633378 51.55412023622933,Bärwalde,Bärwalde,14.508109226522716 51.41371040664038,15.82262142,380,,Änderung oder Erweiterung einer Leitung: Zu- oder Umbe- seilung,14.508109226522716 51.41371040664038,14.508109226522716 51.41371040664038,,,Bärwalde
P462,29520,,,,AC,,,,,,,,,1,2028.0,40,,,,,,,,,,,BBPIG,75,Aachen,,,,9.821583888142671 52.42485528702232,Umspannanlage Zukunft,,6.804590290688168 50.9662510998506,576.5774618,380,,Errichtung einer Leitung: Ersatzneubau,6.300916694699705 50.82893923288616,Zusätzlicher Stromkreis,6.300916694699705 50.82893923288616,,Umspannanlage Brauweiler
P462,29521,,,,AC,,,,,,,,,1,2028.0,40,,,,,,,,,,,BBPIG,75,Umspannanlage Zukunft,,,,6.804590290688168 50.9662510998506,Station Verlautenheide,,6.167365723785745 50.802064506580734,9.875510898,380,,Errichtung einer Leitung: Ersatzneubau,6.167365723785745 50.802064506580734,Zusätzlicher Stromkreis,6.167365723785745 50.802064506580734,,Station Verlautenheide
P464,29522,,,,AC,,,,,,,,,1,2028.0,40,,,6.0,,,,,,,,,,Punkt Fraulautern,,,,12.126863399264902 50.488195618516144,Station Saarwellingen,,6.76597464448081 49.360090798837405,166.734818,80,,Errichtung einer Leitung: Ersatzneubau,6.76597464448081 49.360090798837405,6.76597464448081 49.360090798837405,,,Umspannwerk Plauen B
P464,29523,32811.0,31104.0,,AC,,,,,,,,,1,2028.0,40,,245.976184,9.0,,,,,,,,,,Diefflen,,,,6.755523437374502 49.36486962412682,Station Saarwellingen,,6.683107022192082 51.57564552523084,404.7815163,380,,Errichtung einer Leitung: Ersatzneubau,6.76597464448081 49.360090798837405,6.76597464448081 49.360090798837405,,,Station Saarwellingen
P464,29524,,,,AC,,,,,,,,,1,2028.0,40,,,6.0,,,,,,,,,,Punkt Fraulautern,,,,12.126863399264902 50.488195618516144,Station Saarwellingen,,6.76597464448081 49.360090798837405,0.926722125,380,,Änderung oder Erweiterung einer Leitung: Zu- oder Umbe- seilung,6.76597464448081 49.360090798837405,6.76597464448081 49.360090798837405,,,Umspannwerk Plauen B
P500,29525,32547.0,30865.0,,AC,,,,,,,,,1,2035.0,40,,33.08145088,6.0,,,,,,,,,,Aschaffenburg/neu,,,,9.089693390602573 49.968496880547754,Umspannwerk Urberach,,8.735135796743075 50.159191553758134,246.053674,380,,Errichtung einer Leitung: Neubau in neuer Trasse,8.772275034667414 49.974574340406285,8.772275034667414 49.974574340406285,,,Umspannwerk Zell
P501,29526,,,,AC,,,,,,,,,1,2035.0,40,,,12.0,,,,,,,,,,Station Gersteinwerk,,,,7.709038739055074 51.676466718364246,Station Lippe,,6.683107022192082 51.57564552523084,21.44832708,380,,Errichtung einer Leitung: Ersatz- neubau,7.403376981173483 51.644462035314646,7.403376981173483 51.644462035314646,,,Station Bochum
P501,29527,,,,AC,,,,,,,,,1,2035.0,40,,,12.0,,,,,,,,,,Station Lippe,,,,6.683107022192082 51.57564552523084,Station Mengede,,6.683107022192082 51.57564552523084,8.395976683,380,,Errichtung einer Leitung: Ersatz- neubau,7.353019672408016 51.57582114158172,7.353019672408016 51.57582114158172,,,Station Bochum
P502,29528,,,,AC,,,,,,,,,1,2028.0,40,,,,,,,,,,,,,Station Walsum,,,,6.683107022192082 51.57564552523084,Station Beeck,,6.683107022192082 51.57564552523084,5.256370355,380,,Errichtung einer Leitung: Ersatz- neubau,6.72256984428959 51.47978770959548,6.72256984428959 51.47978770959548,,,Station Bochum
P503,29529,,,,AC,,,,,,,,,1,2035.0,40,,,,,,,,,,,,,Station Niederrhein,,,,6.6807962637334715 51.646328801088394,Station Walsum,,6.683107022192082 51.57564552523084,13.50987979,380,,Änderung oder Erweiterung einer Leitung: Zu- oder Umbe- seilung,6.715197472199204 51.52680805256347,6.715197472199204 51.52680805256347,,,Station Bochum
P504,29530,,,,AC,,,,,,,,,1,2030.0,40,,,,,,,,,,,,,Station Sechtem,,,,6.683107022192082 51.57564552523084,Weissenthurm,,7.449489147076835 50.402530325728065,55.25329004,380,,Änderung oder Erweiterung einer Leitung: Zu- oder Umbe- seilung,7.449489147076835 50.402530325728065,7.449489147076835 50.402530325728065,,,Station Bochum
P505,29531,,,,AC,,,,,,,,,1,2030.0,40,,,,,,,,,,,,,Station Niederstedem,,,,6.475062982714686 49.92260878493446,SA Bauler,,6.21102034998242 49.95862577949023,19.37276714,380,,Änderung oder Erweiterung einer Leitung: Zu- oder Umbe- seilung,6.21102034998242 49.95862577949023,6.21102034998242 49.95862577949023,,,Station Niederstedem
P505,29532,32989.0,31577.0,,AC,,,,,,,,,1,2030.0,40,,442.892971546501,,,,,,,,,,,Bauler,SA Bauler,80.0,40.91,6.21102034998242 49.95862577949023,Bundesgrenze Luxemburg,Umspannwerk Regensburg,12.150406582428232 49.01275130704451,442.8929715,380,,Änderung oder Erweiterung einer Leitung: Zu- oder Umbe- seilung,12.150406582428232 49.01275130704451,12.150406582428232 49.01275130704451,,,Umspannwerk Regensburg
P509,29533,,,,AC,,,,,,,,,1,2040.0,40,,,,,,,,,,,,,Station Limburg,,,,6.683107022192082 51.57564552523084,Eschborn,,6.787529932227501 51.50554942577105,335.4301112,380,,Errichtung einer Leitung: Neubau in neuer Trasse,8.036447110098653 53.421092248180244,8.036447110098653 53.421092248180244,,,Bockhorn
P509,29534,,,,AC,,,,,,,,,1,2040.0,40,,,3.0,,,,,,,,,,Eschborn,,,,6.787529932227501 51.50554942577105,Umspannwerk Kriftel,,8.735135796743075 50.159191553758134,44.95372666,380,,Änderung oder Erweiterung einer Leitung: Zu- oder Umbe- seilung,8.471763441204741 50.097320201311256,8.471763441204741 50.097320201311256,,,Bockhorn
P528,29535,31602.0,,,AC,,,,,,,,,1,2040.0,40,,,,,,,,,,,,,Lauchstädt,Umspannwerk Lauchstädt,62.5,,11.894609645338448 51.406527815825655,Leuna / Merseburg / Weißenfels,,,380.0,,Errichtung einer Leitung: Ersatz- neubau,,,,,,Umspannwerk Lauchstädt
P528,29536,,,,AC,,,,,,,,,1,2040.0,40,,,,,,,,,,,,,Leuna / Merseburg / Weißenfels,,,,,Umspannwerk Pulgar,,8.735135796743075 50.159191553758134,38.69460697,380,,Errichtung einer Leitung: Ersatz- neubau,12.337422954113398 51.19696836334348,12.337422954113398 51.19696836334348,,,Umspannwerk Zell
P531,29537,,,,AC,,,,,,,,,1,2035.0,40,,,6.0,,,,,,,,,,Umspannwerk Thyrow,,,,8.735135796743075 50.159191553758134,Umspannwerk Malchow,,8.735135796743075 50.159191553758134,41.92421006,380,,Errichtung einer Leitung: Neubau in neuer Trasse,13.493794850462134 52.58971983082,,13.493794850462134 52.58971983082,,Umspannwerk Zell
P531,29538,,,,AC,,,,,,,,,1,2035.0,40,,,6.0,,,,,,,,,,Umspannwerk Malchow,,,,8.735135796743075 50.159191553758134, Berlin / Südost / Lichterfelde,,13.310056664355569 52.423869696601386,22.27649845,380,,Errichtung einer Leitung: Neubau in neuer Trasse,13.310056664355569 52.423869696601386,,13.310056664355569 52.423869696601386,,Umspannwerk Lichterfelde
P531,29539,,,,AC,,,,,,,,,1,2035.0,40,,,6.0,,,,,,,,,, Berlin / Südost / Lichterfelde,,,,13.310056664355569 52.423869696601386,Rendsburg Mitte,,12.150406582428232 49.01275130704451,316.8206553,380,,Errichtung einer Leitung: Neubau in neuer Trasse,9.691483676270511 54.30880075556864,,9.691483676270511 54.30880075556864,,Umspannwerk Lichterfelde
P531,29540,,,,AC,,,,,,,,,1,2035.0,40,,,,,,,,,,,,,Umspannwerk Malchow,,,,8.735135796743075 50.159191553758134,Umspannwerk Moabit,,8.735135796743075 50.159191553758134,11.31866054,380,,Errichtung einer Leitung: Neubau in neuer Trasse,13.35030748262825 52.53775635445269,13.35030748262825 52.53775635445269,,,Umspannwerk Zell
P531,29541,,,,AC,,,,,,,,,1,2035.0,40,,,,,,,,,,,,,Umspannwerk Moabit,,,,8.735135796743075 50.159191553758134,Umspannwerk Reuter,,8.735135796743075 50.159191553758134,6.906123021,380,,Errichtung einer Leitung: Neubau in neuer Trasse,13.249030342808782 52.53162510010523,13.249030342808782 52.53162510010523,,,Umspannwerk Zell
